sentence_id,congruent,position,structure,length,words,subject,verb,object,gen,adj,subject_length,subject_lemma,subject_ipm,subject_gender,verb_length,verb_lemma,verb_ipm,object_length,object_lemma,object_ipm,object_gender,gen_length,gen_lemma,gen_ipm,gen_gender,adj_length,adj_lemma,adj_ipm,adj_gender,task_type,selected
0,Автобусы проходят массовую дезинфекцию,3,Subject - Verb - Adj - Object,4,"['Автобусы', 'проходят', 'массовую', 'дезинфекцию']",автобусы,проходят,дезинфекцию,,массовую,4,автобус,39.13,masc,3,проходить,181.7706090112571,5,дезинфекция,1.63,femn,,,0.02,,4.0,массовый,50.83456074472966,masc,to_evaluate,1
1,Автомобиль получил технические повреждения,3,Subject - Verb - Adj - Object,4,"['Автомобиль', 'получил', 'технические', 'повреждения']",автомобиль,получил,повреждения,,технические,4,автомобиль,91.27,masc,3,получить,552.8909435766419,5,повреждение,14.89,neut,,,0.02,,5.0,технический,73.60662796145199,masc,,0
2,Авторы получали подарки,2,Subject - Verb - Object,3,"['Авторы', 'получали', 'подарки']",авторы,получали,подарки,,,3,автор,218.3602762959191,masc,4,получать,178.8783668632906,3,подарок,64.02,masc,,,0.02,,,,0.02,,to_evaluate,1
3,Авторы получат призы,2,Subject - Verb - Object,3,"['Авторы', 'получат', 'призы']",авторы,получат,призы,,,3,автор,218.3602762959191,masc,3,получить,552.8909435766419,2,приз,13.2,masc,,,0.02,,,,0.02,,to_evaluate,1
4,Адвокат обжаловал решение властей,2,Subject - Verb - Object - Gen,4,"['Адвокат', 'обжаловал', 'решение', 'властей']",адвокат,обжаловал,решение,властей,,3,адвокат,29.98,masc,4,обжаловать,2.18,4,решение,238.707453512315,neut,2.0,власть,358.6754145196565,femn,,,0.02,,to_evaluate,1
5,Адвокаты отрицают вину,2,Subject - Verb - Object,3,"['Адвокаты', 'отрицают', 'вину']",адвокаты,отрицают,вину,,,4,адвокат,29.98,masc,4,отрицать,30.51,2,вина,53.63,neut,,,0.02,,,,0.02,,,0
6,Администратор нажала кнопку сигнализации,2,Subject - Verb - Object - Gen,4,"['Администратор', 'нажала', 'кнопку', 'сигнализации']",администратор,нажала,кнопку,сигнализации,,5,администратор,9.66,masc,3,нажать,13.48,2,кнопка,17.11,femn,6.0,сигнализация,3.52,femn,,,0.02,,to_evaluate,1
7,Администрация начала спасательную операцию,3,Subject - Verb - Adj - Object,4,"['Администрация', 'начала', 'спасательную', 'операцию']",администрация,начала,операцию,,спасательную,6,администрация,45.84,femn,3,начало,339.05,5,операция,90.19,femn,,,0.02,,5.0,спасательный,4.91,masc,to_evaluate,1
8,Артиллеристы подготовили орудия,2,Subject - Verb - Object,3,"['Артиллеристы', 'подготовили', 'орудия']",артиллеристы,подготовили,орудия,,,5,артиллерист,7.69,masc,5,подготовить,47.3,4,орудие,71.67,neut,,,0.02,,,,0.02,,to_evaluate,1
9,Артисты прокомментировали перенос премьеры,2,Subject - Verb - Object - Gen,4,"['Артисты', 'прокомментировали', 'перенос', 'премьеры']",артисты,прокомментировали,перенос,премьеры,,3,артист,76.99,masc,7,прокомментировать,3.84,3,перенос,6.93,masc,3.0,премьера,13.12,femn,,,0.02,,to_evaluate,1
10,Атлеты получили денежные премии,3,Subject - Verb - Adj - Object,4,"['Атлеты', 'получили', 'денежные', 'премии']",атлеты,получили,премии,,денежные,3,атлет,2.62,masc,4,получить,552.8909435766419,3,премия,37.71,femn,,,0.02,,4.0,денежный,38.61396972986846,masc,to_evaluate,1
11,Барабанщик покинул группу,2,Subject - Verb - Object,3,"['Барабанщик', 'покинул', 'группу']",барабанщик,покинул,группу,,,4,барабанщик,2.8,masc,3,покинуть,50.49,2,группа,253.9644981949859,femn,,,0.02,,,,0.02,,to_evaluate,1
12,Бастующие требуют повышения зарплаты,2,Subject - Verb - Object - Gen,4,"['Бастующие', 'требуют', 'повышения', 'зарплаты']",бастующие,требуют,повышения,зарплаты,,5,бастовать,3.01,,3,требовать,214.7950470553509,5,повышение,43.32,neut,3.0,зарплата,33.35,femn,,,0.02,,to_evaluate,1
13,Бельгийцы разделяют безмерную скорбь,3,Subject - Verb - Adj - Object,4,"['Бельгийцы', 'разделяют', 'безмерную', 'скорбь']",бельгийцы,разделяют,скорбь,,безмерную,3,бельгиец,2.1,masc,4,разделять,33.7,1,скорбь,20.13,femn,,,0.02,,4.0,безмерный,4.76,masc,to_evaluate,1
14,Бизнесмен отрицал обвинения,2,Subject - Verb - Object,3,"['Бизнесмен', 'отрицал', 'обвинения']",бизнесмен,отрицал,обвинения,,,3,бизнесмен,10.67,masc,3,отрицать,30.51,5,обвинение,36.92,neut,,,0.02,,,,0.02,,to_evaluate,1
15,Бизнесмен оформил налоговый вычет,3,Subject - Verb - Adj - Object,4,"['Бизнесмен', 'оформил', 'налоговый', 'вычет']",бизнесмен,оформил,вычет,,налоговый,3,бизнесмен,10.67,masc,3,оформить,15.51,2,вычет,3.92,masc,,,0.02,,4.0,налоговый,23.76,masc,to_evaluate,1
16,Боевики разрушили десятки церквей,2,Subject - Verb - Object - Gen,4,"['Боевики', 'разрушили', 'десятки', 'церквей']",боевики,разрушили,десятки,церквей,,4,боевик,10.84,masc,4,разрушить,37.27,3,десятка,7.03,masc,2.0,церковь,293.1820198412351,femn,,,0.02,,to_evaluate,1
17,Браконьеры убили лося,2,Subject - Verb - Object,3,"['Браконьеры', 'убили', 'лося']",браконьеры,убили,лося,,,4,браконьер,1.46,masc,3,убить,198.0451460839328,2,лось,7.94,masc,,,0.02,,,,0.02,,to_evaluate,1
18,Вандалы уничтожили часть таблички,2,Subject - Verb - Object - Gen,4,"['Вандалы', 'уничтожили', 'часть', 'таблички']",вандалы,уничтожили,часть,таблички,,3,вандал,1.11,masc,5,уничтожить,53.77754398301135,1,часть,613.1660177036999,femn,3.0,табличка,9.34,femn,,,0.02,,to_evaluate,1
19,Вердикт носит рекомендательный характер,3,Subject - Verb - Adj - Object,4,"['Вердикт', 'носит', 'рекомендательный', 'характер']",вердикт,носит,характер,,рекомендательный,2,вердикт,2.13,masc,2,носить,122.820144399796,3,характер,202.9910670978146,masc,,,0.02,,6.0,рекомендательный,2.3,masc,to_evaluate,1
20,Ветераны поддержали инициативу болельщиков,2,Subject - Verb - Object - Gen,4,"['Ветераны', 'поддержали', 'инициативу', 'болельщиков']",ветераны,поддержали,инициативу,болельщиков,,4,ветеран,13.87,masc,4,поддержать,40.91,6,инициатива,35.16,femn,4.0,болельщик,4.83,masc,,,0.02,,to_evaluate,1
21,Взрывы сотрясают город,2,Subject - Verb - Object,3,"['Взрывы', 'сотрясают', 'город']",взрывы,сотрясают,город,,,2,взрыв,51.33,masc,4,сотрясать,3.08,2,город,737.3054304516912,masc,,,0.02,,,,0.02,,,0
22,Владелец игнорировал обращения,2,Subject - Verb - Object,3,"['Владелец', 'игнорировал', 'обращения']",владелец,игнорировал,обращения,,,3,владелец,43.62,masc,5,игнорировать,9.64,5,обращение,55.75,neut,,,0.02,,,,0.02,,to_evaluate,1
23,Владелица оставила ключи,2,Subject - Verb - Object,3,"['Владелица', 'оставила', 'ключи']",владелица,оставила,ключи,,,4,владелица,1.85,femn,4,оставить,273.895064354057,2,ключ,70.92,masc,,,0.02,,,,0.02,,,0
24,Владельцы подсчитывают сумму ущерба,2,Subject - Verb - Object - Gen,4,"['Владельцы', 'подсчитывают', 'сумму', 'ущерба']",владельцы,подсчитывают,сумму,ущерба,,3,владелец,43.62,masc,5,подсчитывать,3.59,2,сумма,90.2,femn,3.0,ущерб,21.54,masc,,,0.02,,to_evaluate,1
25,Власти запретили проведение митинга,2,Subject - Verb - Object - Gen,4,"['Власти', 'запретили', 'проведение', 'митинга']",власти,запретили,проведение,митинга,,2,власть,358.6754145196565,femn,4,запретить,49.89,5,проведение,49.41,neut,3.0,митинг,21.04,masc,,,0.02,,to_evaluate,1
26,Власти исключили версию теракта,2,Subject - Verb - Object - Gen,4,"['Власти', 'исключили', 'версию', 'теракта']",власти,исключили,версию,теракта,,2,власть,358.6754145196565,femn,4,исключить,31.03,3,версия,28.14,femn,3.0,теракт,4.64,masc,,,0.02,,to_evaluate,1
27,Власти отрицают обвинения,2,Subject - Verb - Object,3,"['Власти', 'отрицают', 'обвинения']",власти,отрицают,обвинения,,,2,власть,358.6754145196565,femn,4,отрицать,30.51,5,обвинение,36.92,neut,,,0.02,,,,0.02,,,0
28,Власти подтвердили сообщение,2,Subject - Verb - Object,3,"['Власти', 'подтвердили', 'сообщение']",власти,подтвердили,сообщение,,,2,власть,358.6754145196565,femn,4,подтвердить,51.35,5,сообщение,81.3,neut,,,0.02,,,,0.02,,to_evaluate,1
29,Власти прокомментировали инцидент,2,Subject - Verb - Object,3,"['Власти', 'прокомментировали', 'инцидент']",власти,прокомментировали,инцидент,,,2,власть,358.6754145196565,femn,7,прокомментировать,3.84,3,инцидент,9.97,masc,,,0.02,,,,0.02,,to_evaluate,1
30,Водитель задел трехлетнего мальчика,3,Subject - Verb - Adj - Object,4,"['Водитель', 'задел', 'трехлетнего', 'мальчика']",водитель,задел,мальчика,,трехлетнего,3,водитель,30.91,masc,2,задеть,16.66,3,мальчик,183.9124171392988,masc,,,0.02,,4.0,трёхлетний,5.48,masc,to_evaluate,1
31,Водитель нажал тревожную кнопку,3,Subject - Verb - Adj - Object,4,"['Водитель', 'нажал', 'тревожную', 'кнопку']",водитель,нажал,кнопку,,тревожную,3,водитель,30.91,masc,2,нажать,13.48,2,кнопка,17.11,femn,,,0.02,,4.0,тревожный,28.25,masc,to_evaluate,1
32,Водитель управлял грузовиком,2,Subject - Verb - Object,3,"['Водитель', 'управлял', 'грузовиком']",водитель,управлял,грузовиком,,,3,водитель,30.91,masc,3,управлять,52.3354287845793,4,грузовик,19.42,masc,,,0.02,,,,0.02,,to_evaluate,1
33,Военнослужащие открывали ответный огонь,3,Subject - Verb - Adj - Object,4,"['Военнослужащие', 'открывали', 'ответный', 'огонь']",военнослужащие,открывали,огонь,,ответный,7,военнослужащий,9.3,masc,4,открывать,69.71558750938627,2,огонь,199.3884496854353,masc,,,0.02,,3.0,ответный,11.97,masc,,0
34,Военные открыли ответный огонь,3,Subject - Verb - Adj - Object,4,"['Военные', 'открыли', 'ответный', 'огонь']",военные,открыли,огонь,,ответный,4,военный,291.8,masc,3,открыть,208.1800112284692,2,огонь,199.3884496854353,masc,,,0.02,,3.0,ответный,11.97,masc,to_evaluate,1
35,Войска начали осаду крепости,2,Subject - Verb - Object - Gen,4,"['Войска', 'начали', 'осаду', 'крепости']",войска,начали,осаду,крепости,,2,войско,55.19,neut,3,начать,500.4860796158419,3,осада,10.85,femn,3.0,крепость,70.12,femn,,,0.02,,to_evaluate,1
36,Войска осадили город,2,Subject - Verb - Object,3,"['Войска', 'осадили', 'город']",войска,осадили,город,,,2,войско,55.19,neut,4,осадить,9.49,2,город,737.3054304516912,masc,,,0.02,,,,0.02,,control,1
37,Войска уничтожили город,2,Subject - Verb - Object,3,"['Войска', 'уничтожили', 'город']",войска,уничтожили,город,,,2,войско,55.19,neut,5,уничтожить,53.77754398301135,2,город,737.3054304516912,masc,,,0.02,,,,0.02,,,0
38,Врачи извлекли пули,2,Subject - Verb - Object,3,"['Врачи', 'извлекли', 'пули']",врачи,извлекли,пули,,,2,врач,136.6083680470268,masc,3,извлечь,18.83,2,пуля,30.74,femn,,,0.02,,,,0.02,,to_evaluate,1
39,Врачи извлекли пулю,2,Subject - Verb - Object,3,"['Врачи', 'извлекли', 'пулю']",врачи,извлекли,пулю,,,2,врач,136.6083680470268,masc,3,извлечь,18.83,2,пуля,30.74,femn,,,0.02,,,,0.02,,to_evaluate,1
40,Врачи назначили лечение,2,Subject - Verb - Object,3,"['Врачи', 'назначили', 'лечение']",врачи,назначили,лечение,,,2,врач,136.6083680470268,masc,4,назначить,110.2684010060356,4,лечение,33.42,neut,,,0.02,,,,0.02,,to_evaluate,1
41,Врачи осмотрели мужчину,2,Subject - Verb - Object,3,"['Врачи', 'осмотрели', 'мужчину']",врачи,осмотрели,мужчину,,,2,врач,136.6083680470268,masc,4,осмотреть,35.62,3,мужчина,175.9567482946153,masc,,,0.02,,,,0.02,,to_evaluate,1
42,Глава поддержал решение,2,Subject - Verb - Object,3,"['Глава', 'поддержал', 'решение']",глава,поддержал,решение,,,2,глава,207.1438247525588,,3,поддержать,40.91,4,решение,238.707453512315,neut,,,0.02,,,,0.02,,to_evaluate,1
43,Голландцы обыграли американцев,2,Subject - Verb - Object,3,"['Голландцы', 'обыграли', 'американцев']",голландцы,обыграли,американцев,,,3,голландец,6.52,masc,4,обыграть,2.79,5,американец,47.13,masc,,,0.02,,,,0.02,,to_evaluate,1
44,Гонщик разбил болид,2,Subject - Verb - Object,3,"['Гонщик', 'разбил', 'болид']",гонщик,разбил,болид,,,2,гонщик,4.98,masc,2,разбить,62.18187088942922,2,болид,1.14,masc,,,0.02,,,,0.02,,control,1
45,Грабители забрали драгоценности,2,Subject - Verb - Object,3,"['Грабители', 'забрали', 'драгоценности']",грабители,забрали,драгоценности,,,4,грабитель,10.67,masc,3,забрать,40.35,5,драгоценность,9.25,femn,,,0.02,,,,0.02,,control,1
46,Грабитель забрал добычу,2,Subject - Verb - Object,3,"['Грабитель', 'забрал', 'добычу']",грабитель,забрал,добычу,,,3,грабитель,10.67,masc,2,забрать,40.35,3,добыча,40.28,femn,,,0.02,,,,0.02,,control,1
47,Грамота дала положительные результаты,3,Subject - Verb - Adj - Object,4,"['Грамота', 'дала', 'положительные', 'результаты']",грамота,дала,результаты,,положительные,3,грамота,36.48,femn,2,дать,727.3494944151084,4,результат,247.8381791853505,masc,,,0.02,,6.0,положительный,42.77740971941579,masc,,0
48,Девочка забросила школу,2,Subject - Verb - Object,3,"['Девочка', 'забросила', 'школу']",девочка,забросила,школу,,,3,девочка,157.3828386555507,femn,4,забросить,15.13,2,школа,278.2721510396683,femn,,,0.02,,,,0.02,,to_evaluate,1
49,Девочка получила травмы,2,Subject - Verb - Object,3,"['Девочка', 'получила', 'травмы']",девочка,получила,травмы,,,3,девочка,157.3828386555507,femn,4,получить,552.8909435766419,2,травма,9.03,femn,,,0.02,,,,0.02,,,0
50,Девушка избегала тусовок,2,Subject - Verb - Object,3,"['Девушка', 'избегала', 'тусовок']",девушка,избегала,тусовок,,,3,девушка,217.6125128596951,femn,4,избегать,25.5,3,тусовка,2.86,femn,,,0.02,,,,0.02,,to_evaluate,1
51,Девушка получила различные травмы,3,Subject - Verb - Adj - Object,4,"['Девушка', 'получила', 'различные', 'травмы']",девушка,получила,травмы,,различные,3,девушка,217.6125128596951,femn,4,получить,552.8909435766419,2,травма,9.03,femn,,,0.02,,4.0,различный,161.5115610569877,masc,,0
52,Девушка получила телесные повреждения,3,Subject - Verb - Adj - Object,4,"['Девушка', 'получила', 'телесные', 'повреждения']",девушка,получила,повреждения,,телесные,3,девушка,217.6125128596951,femn,4,получить,552.8909435766419,5,повреждение,14.89,neut,,,0.02,,4.0,телесный,17.62,masc,,0
53,Дедушка потерял память,2,Subject - Verb - Object,3,"['Дедушка', 'потерял', 'память']",дедушка,потерял,память,,,3,дедушка,45.22,masc,3,потерять,132.6585747535435,2,память,174.8457854750825,femn,,,0.02,,,,0.02,,to_evaluate,1
54,Дежурный отрицал вину,2,Subject - Verb - Object,3,"['Дежурный', 'отрицал', 'вину']",дежурный,отрицал,вину,,,3,дежурный,31.87,masc,3,отрицать,30.51,2,вина,53.63,neut,,,0.02,,,,0.02,,,0
55,Демонстранты использовали плакаты,2,Subject - Verb - Object,3,"['Демонстранты', 'использовали', 'плакаты']",демонстранты,использовали,плакаты,,,4,демонстрант,2.38,masc,5,использовать,165.514766024487,3,плакат,14.93,masc,,,0.02,,,,0.02,,,0
56,Демонстранты разбили окно автомобиля,2,Subject - Verb - Object - Gen,4,"['Демонстранты', 'разбили', 'окно', 'автомобиля']",демонстранты,разбили,окно,автомобиля,,4,демонстрант,2.38,masc,3,разбить,62.18187088942922,2,окно,304.3664243801859,neut,5.0,автомобиль,91.27,masc,,,0.02,,to_evaluate,1
57,Депутаты поддержали требование граждан,2,Subject - Verb - Object - Gen,4,"['Депутаты', 'поддержали', 'требование', 'граждан']",депутаты,поддержали,требование,граждан,,4,депутат,61.14,masc,4,поддержать,40.91,5,требование,112.4262326362821,neut,2.0,гражданин,114.6374759405445,masc,,,0.02,,to_evaluate,1
58,Депутаты представляют различные фракции,3,Subject - Verb - Adj - Object,4,"['Депутаты', 'представляют', 'различные', 'фракции']",депутаты,представляют,фракции,,различные,4,депутат,61.14,masc,4,представлять,218.4003350514311,3,фракция,14.85,femn,,,0.02,,4.0,различный,161.5115610569877,masc,to_evaluate,1
59,Дизайнер имеет свободу самовыражения,2,Subject - Verb - Object - Gen,4,"['Дизайнер', 'имеет', 'свободу', 'самовыражения']",дизайнер,имеет,свободу,самовыражения,,3,дизайнер,6.48,masc,3,иметь,1048.094608632301,3,свобода,171.5983556949096,femn,7.0,самовыражение,1.52,neut,,,0.02,,to_evaluate,1
60,Динамовцы забили единственный мяч,3,Subject - Verb - Adj - Object,4,"['Динамовцы', 'забили', 'единственный', 'мяч']",динамовцы,забили,мяч,,единственный,4,динамовец,0.54,masc,3,забить,20.22,1,мяч,17.49,masc,,,0.02,,4.0,единственный,173.7855637458649,masc,to_evaluate,1
61,Драматург организовал забастовку учащихся,2,Subject - Verb - Object - Gen,4,"['Драматург', 'организовал', 'забастовку', 'учащихся']",драматург,организовал,забастовку,учащихся,,3,драматург,11.8,masc,5,организовать,68.28682522945822,4,забастовка,13.01,femn,4.0,учиться,114.75,,,,0.02,,to_evaluate,1
62,Драматург придумал современный сюжет,3,Subject - Verb - Adj - Object,4,"['Драматург', 'придумал', 'современный', 'сюжет']",драматург,придумал,сюжет,,современный,3,драматург,11.8,masc,3,придумать,71.21111438183432,2,сюжет,43.8,masc,,,0.02,,4.0,современный,181.6210563240123,masc,to_evaluate,1
63,Дума поддержала инициативу,2,Subject - Verb - Object,3,"['Дума', 'поддержала', 'инициативу']",дума,поддержала,инициативу,,,2,дума,94.58,femn,4,поддержать,40.91,6,инициатива,35.16,femn,,,0.02,,,,0.02,,,0
64,Евреи составляли часть населения,2,Subject - Verb - Object - Gen,4,"['Евреи', 'составляли', 'часть', 'населения']",евреи,составляли,часть,населения,,3,еврей,71.75,masc,4,составлять,160.9373855613156,1,часть,613.1660177036999,femn,5.0,население,137.2760139722269,neut,,,0.02,,control,1
65,Женщина несла деньги,2,Subject - Verb - Object,3,"['Женщина', 'несла', 'деньги']",женщина,несла,деньги,,,3,женщина,494.8511480071537,femn,2,нести,112.1885506869108,2,деньга,2.49,femn,,,0.02,,,,0.02,,,0
66,Женщина обвинила мужчину,2,Subject - Verb - Object,3,"['Женщина', 'обвинила', 'мужчину']",женщина,обвинила,мужчину,,,3,женщина,494.8511480071537,femn,4,обвинить,14.07,3,мужчина,175.9567482946153,masc,,,0.02,,,,0.02,,,0
67,Женщина получила ожог ноги,2,Subject - Verb - Object - Gen,4,"['Женщина', 'получила', 'ожог', 'ноги']",женщина,получила,ожог,ноги,,3,женщина,494.8511480071537,femn,4,получить,552.8909435766419,2,ожог,4.8,masc,2.0,нога,477.5190597889612,femn,,,0.02,,to_evaluate,1
68,Жильцы вызвали полицию,2,Subject - Verb - Object,3,"['Жильцы', 'вызвали', 'полицию']",жильцы,вызвали,полицию,,,2,жилец,18.28,masc,3,вызвать,144.8310952617903,4,полиция,72.38,femn,,,0.02,,,,0.02,,to_evaluate,1
69,Жители раскритиковали подобный запрет,3,Subject - Verb - Adj - Object,4,"['Жители', 'раскритиковали', 'подобный', 'запрет']",жители,раскритиковали,запрет,,подобный,3,житель,113.2327489139237,masc,6,раскритиковать,1.04,2,запрет,16.91,masc,,,0.02,,3.0,подобный,292.1485039490255,masc,to_evaluate,1
70,Жительница лишилась крупной суммы,3,Subject - Verb - Adj - Object,4,"['Жительница', 'лишилась', 'крупной', 'суммы']",жительница,лишилась,суммы,,крупной,4,жительница,1.62,femn,3,лишиться,24.4,2,сумма,90.2,femn,,,0.02,,2.0,крупный,170.63160439522,masc,to_evaluate,1
71,Журналист прокомментировал ситуацию,2,Subject - Verb - Object,3,"['Журналист', 'прокомментировал', 'ситуацию']",журналист,прокомментировал,ситуацию,,,3,журналист,,masc,6,прокомментировать,3.84,5,ситуация,126.8260199509961,femn,,,0.02,,,,0.02,,to_evaluate,1
72,Журналисты раскрыли источник информации,2,Subject - Verb - Object - Gen,4,"['Журналисты', 'раскрыли', 'источник', 'информации']",журналисты,раскрыли,источник,информации,,4,журналист,,masc,3,раскрыть,49.15,3,источник,104.1767995845106,masc,5.0,информация,115.4520039692886,femn,,,0.02,,to_evaluate,1
73,Законопроект регламентирует свадебные церемонии,3,Subject - Verb - Adj - Object,4,"['Законопроект', 'регламентирует', 'свадебные', 'церемонии']",законопроект,регламентирует,церемонии,,свадебные,5,законопроект,14.4,masc,6,регламентировать,4.16,5,церемония,17.57,femn,,,0.02,,4.0,свадебный,8.56,masc,control,1
74,Здоровье подвело мужчину,2,Subject - Verb - Object,3,"['Здоровье', 'подвело', 'мужчину']",здоровье,подвело,мужчину,,,3,здоровье,99.93591266764004,neut,3,подвести,28.28,3,мужчина,175.9567482946153,masc,,,0.02,,,,0.02,,to_evaluate,1
75,Землетрясение вызвало панику жителей,2,Subject - Verb - Object - Gen,4,"['Землетрясение', 'вызвало', 'панику', 'жителей']",землетрясение,вызвало,панику,жителей,,6,землетрясение,14.72,neut,3,вызвать,144.8310952617903,3,паника,15.3,femn,3.0,житель,113.2327489139237,masc,,,0.02,,to_evaluate,1
76,Злоумышленник спрятал труп,2,Subject - Verb - Object,3,"['Злоумышленник', 'спрятал', 'труп']",злоумышленник,спрятал,труп,,,5,злоумышленник,4.53,masc,2,спрятать,36.84,1,труп,50.9,masc,,,0.02,,,,0.02,,,0
77,Игра приняла нервный характер,3,Subject - Verb - Adj - Object,4,"['Игра', 'приняла', 'нервный', 'характер']",игра,приняла,характер,,нервный,2,игра,150.4286386986673,femn,3,принять,384.7456526068669,3,характер,202.9910670978146,masc,,,0.02,,2.0,нервный,47.58980154825755,masc,to_evaluate,1
78,Издание подсчитало доходы тренеров,2,Subject - Verb - Object - Gen,4,"['Издание', 'подсчитало', 'доходы', 'тренеров']",издание,подсчитало,доходы,тренеров,,4,издание,72.99,neut,4,подсчитать,7.9,3,доход,59.31,masc,3.0,тренер,13.65,masc,,,0.02,,to_evaluate,1
79,Издание сообщает подробности,2,Subject - Verb - Object,3,"['Издание', 'сообщает', 'подробности']",издание,сообщает,подробности,,,4,издание,72.99,neut,4,сообщать,75.27307219075124,4,подробность,60.93,femn,,,0.02,,,,0.02,,to_evaluate,1
80,Изменения ждут компанию,2,Subject - Verb - Object,3,"['Изменения', 'ждут', 'компанию']",изменения,ждут,компанию,,,5,изменение,108.3348984066563,neut,1,ждать,326.9088213986394,4,компания,178.3762971275402,femn,,,0.02,,,,0.02,,,0
81,Изобретение привлекло внимание инвесторов,2,Subject - Verb - Object - Gen,4,"['Изобретение', 'привлекло', 'внимание', 'инвесторов']",изобретение,привлекло,внимание,инвесторов,,6,изобретение,22.31,neut,3,привлечь,38.92,4,внимание,276.886118098953,neut,4.0,инвестор,11.42,masc,,,0.02,,to_evaluate,1
82,Израильтяне открыли артиллерийский огонь,3,Subject - Verb - Adj - Object,4,"['Израильтяне', 'открыли', 'артиллерийский', 'огонь']",израильтяне,открыли,огонь,,артиллерийский,5,израильтянин,4.31,masc,3,открыть,208.1800112284692,2,огонь,199.3884496854353,masc,,,0.02,,5.0,артиллерийский,29.03,masc,to_evaluate,1
83,Индейцы извлекали пурпурную краску,3,Subject - Verb - Adj - Object,4,"['Индейцы', 'извлекали', 'пурпурную', 'краску']",индейцы,извлекали,краску,,пурпурную,3,индеец,9.87,masc,4,извлекать,10.56,2,краска,63.36,femn,,,0.02,,4.0,пурпурный,2.32,masc,to_evaluate,1
84,Индейцы подняли восстание,2,Subject - Verb - Object,3,"['Индейцы', 'подняли', 'восстание']",индейцы,подняли,восстание,,,3,индеец,9.87,masc,3,поднять,181.0896101675531,4,восстание,30.12,neut,,,0.02,,,,0.02,,to_evaluate,1
85,Инициатива получила поддержку чиновников,2,Subject - Verb - Object - Gen,4,"['Инициатива', 'получила', 'поддержку', 'чиновников']",инициатива,получила,поддержку,чиновников,,6,инициатива,35.16,femn,4,получить,552.8909435766419,3,поддержка,62.82,femn,4.0,чиновник,88.15,masc,,,0.02,,to_evaluate,1
86,Исламисты опровергли гибель командира,2,Subject - Verb - Object - Gen,4,"['Исламисты', 'опровергли', 'гибель', 'командира']",исламисты,опровергли,гибель,командира,,4,исламист,0.76,masc,4,опровергнуть,7.67,2,гибель,52.03,femn,4.0,командир,116.3920494319702,masc,,,0.02,,to_evaluate,1
87,Источники подтвердили подлинность документа,2,Subject - Verb - Object - Gen,4,"['Источники', 'подтвердили', 'подлинность', 'документа']",источники,подтвердили,подлинность,документа,,4,источник,104.1767995845106,masc,4,подтвердить,51.35,3,подлинность,4.69,femn,4.0,документ,121.5703112278216,masc,,,0.02,,to_evaluate,1
88,Камеры запечатлели высокого мужчину,3,Subject - Verb - Adj - Object,4,"['Камеры', 'запечатлели', 'высокого', 'мужчину']",камеры,запечатлели,мужчину,,высокого,3,камера,59.3,femn,5,запечатлеть,9.64,3,мужчина,175.9567482946153,masc,,,0.02,,4.0,высокий,393.2861792820256,masc,to_evaluate,1
89,Канал вел трансляцию мероприятия,2,Subject - Verb - Object - Gen,4,"['Канал', 'вел', 'трансляцию', 'мероприятия']",канал,вел,трансляцию,мероприятия,,2,канал,52.11,masc,1,вести,331.68382505567,4,трансляция,3.66,femn,6.0,мероприятие,37.26,neut,,,0.02,,to_evaluate,1
90,Кандидаты представляют мелкие партии,3,Subject - Verb - Adj - Object,4,"['Кандидаты', 'представляют', 'мелкие', 'партии']",кандидаты,представляют,партии,,мелкие,4,кандидат,41.2,masc,4,представлять,218.4003350514311,3,партия,217.7086538729238,femn,,,0.02,,3.0,мелкий,126.4708323187897,masc,to_evaluate,1
91,Книга получила большое признание,3,Subject - Verb - Adj - Object,4,"['Книга', 'получила', 'большое', 'признание']",книга,получила,признание,,большое,2,книга,472.979067497601,femn,4,получить,552.8909435766419,4,признание,47.47,neut,,,0.02,,3.0,большой,993.1259843187332,femn,control,1
92,Коллектив подготовил специальную программу,3,Subject - Verb - Adj - Object,4,"['Коллектив', 'подготовил', 'специальную', 'программу']",коллектив,подготовил,программу,,специальную,3,коллектив,41.43,masc,4,подготовить,47.3,3,программа,148.1506308018848,femn,,,0.02,,5.0,специальный,96.13834264510233,masc,to_evaluate,1
93,Команда имеет хорошую подготовку,3,Subject - Verb - Adj - Object,4,"['Команда', 'имеет', 'хорошую', 'подготовку']",команда,имеет,подготовку,,хорошую,3,команда,111.1336701250948,femn,3,иметь,1048.094608632301,4,подготовка,78.67,femn,,,0.02,,4.0,хороший,564.6682176971703,masc,,0
94,Команда покинула чемпионат мира,2,Subject - Verb - Object - Gen,4,"['Команда', 'покинула', 'чемпионат', 'мира']",команда,покинула,чемпионат,мира,,3,команда,111.1336701250948,femn,4,покинуть,50.49,4,чемпионат,17.18,masc,2.0,мир,659.6074682606135,masc,,,0.02,,to_evaluate,1
95,Комитет проводит проверку обстоятельств,2,Subject - Verb - Object - Gen,4,"['Комитет', 'проводит', 'проверку', 'обстоятельств']",комитет,проводит,проверку,обстоятельств,,3,комитет,105.787161556093,masc,3,проводить,164.5987558151126,3,проверка,35.61,femn,4.0,обстоятельство,136.645756218838,neut,,,0.02,,to_evaluate,1
96,Компания заключила мировые соглашения,3,Subject - Verb - Adj - Object,4,"['Компания', 'заключила', 'мировые', 'соглашения']",компания,заключила,соглашения,,мировые,4,компания,178.3762971275402,femn,4,заключить,65.38924191409012,5,соглашение,39.07,neut,,,0.02,,4.0,мировой,124.7830234198841,femn,to_evaluate,1
97,Компания проведет замену оборудования,2,Subject - Verb - Object - Gen,4,"['Компания', 'проведет', 'замену', 'оборудования']",компания,проведет,замену,оборудования,,4,компания,178.3762971275402,femn,3,провести,182.8708894959868,3,замена,21.58,femn,7.0,оборудование,44.97,neut,,,0.02,,to_evaluate,1
98,Компания чистила заброшенную крепость,3,Subject - Verb - Adj - Object,4,"['Компания', 'чистила', 'заброшенную', 'крепость']",компания,чистила,крепость,,заброшенную,4,компания,178.3762971275402,femn,3,чистить,16.1,2,крепость,70.12,femn,,,0.02,,5.0,забросить,15.13,,to_evaluate,1
99,Корпорация начала поиски,2,Subject - Verb - Object,3,"['Корпорация', 'начала', 'поиски']",корпорация,начала,поиски,,,5,корпорация,12.58,femn,3,начало,339.05,3,поиск,73.38,masc,,,0.02,,,,0.02,,,0
100,Критики оставили восторженные оценки,3,Subject - Verb - Adj - Object,4,"['Критики', 'оставили', 'восторженные', 'оценки']",критики,оставили,оценки,,восторженные,3,критика,49.92,femn,4,оставить,273.895064354057,3,оценка,82.58,femn,,,0.02,,5.0,восторженный,17.41,masc,to_evaluate,1
101,Курорт пользуется популярностью,2,Subject - Verb - Object,3,"['Курорт', 'пользуется', 'популярностью']",курорт,пользуется,популярностью,,,2,курорт,9.32,masc,4,пользоваться,130.8772954251098,5,популярность,16.31,femn,,,0.02,,,,0.02,,,0
102,Лайнер совершил посадку,2,Subject - Verb - Object,3,"['Лайнер', 'совершил', 'посадку']",лайнер,совершил,посадку,,,2,лайнер,3.07,masc,3,совершить,78.96916003265856,3,посадка,24.26,femn,,,0.02,,,,0.02,,to_evaluate,1
103,Лауреаты получили денежные гранты,3,Subject - Verb - Adj - Object,4,"['Лауреаты', 'получили', 'денежные', 'гранты']",лауреаты,получили,гранты,,денежные,5,лауреат,12.0,masc,4,получить,552.8909435766419,2,грант,4.39,masc,,,0.02,,4.0,денежный,38.61396972986846,masc,control,1
104,Лидер празднует победу,2,Subject - Verb - Object,3,"['Лидер', 'празднует', 'победу']",лидер,празднует,победу,,,2,лидер,39.58,masc,3,праздновать,16.7,3,победа,114.6534994427493,femn,,,0.02,,,,0.02,,to_evaluate,1
105,Люди строили каменные замки,3,Subject - Verb - Adj - Object,4,"['Люди', 'строили', 'каменные', 'замки']",люди,строили,замки,,каменные,2,человек,2881.103143350457,masc,3,строить,95.66831991376152,2,замок,63.93,masc,,,0.02,,4.0,каменный,85.34918449386998,masc,to_evaluate,1
106,Мальчик перебегал дорогу,2,Subject - Verb - Object,3,"['Мальчик', 'перебегал', 'дорогу']",мальчик,перебегал,дорогу,,,2,мальчик,183.9124171392988,masc,4,перебегать,5.46,3,дорога,442.33411953092,femn,,,0.02,,,,0.02,,to_evaluate,1
107,Машина имела значительные повреждения,3,Subject - Verb - Adj - Object,4,"['Машина', 'имела', 'значительные', 'повреждения']",машина,имела,повреждения,,значительные,3,машина,296.2211440927456,femn,3,иметь,1048.094608632301,5,повреждение,14.89,neut,,,0.02,,5.0,значительный,111.972233407146,masc,,0
108,Машины получили механические повреждения,3,Subject - Verb - Adj - Object,4,"['Машины', 'получили', 'механические', 'повреждения']",машины,получили,повреждения,,механические,3,машина,296.2211440927456,femn,4,получить,552.8909435766419,5,повреждение,14.89,neut,,,0.02,,6.0,механический,24.4,masc,,0
109,Машины получили незначительные повреждения,3,Subject - Verb - Adj - Object,4,"['Машины', 'получили', 'незначительные', 'повреждения']",машины,получили,повреждения,,незначительные,3,машина,296.2211440927456,femn,4,получить,552.8909435766419,5,повреждение,14.89,neut,,,0.02,,6.0,незначительный,24.03,masc,,0
110,Машины получили сильные повреждения,3,Subject - Verb - Adj - Object,4,"['Машины', 'получили', 'сильные', 'повреждения']",машины,получили,повреждения,,сильные,3,машина,296.2211440927456,femn,4,получить,552.8909435766419,5,повреждение,14.89,neut,,,0.02,,3.0,сильный,254.6454970386899,masc,,0
111,Медики диагностировали разрыв кишки,2,Subject - Verb - Object - Gen,4,"['Медики', 'диагностировали', 'разрыв', 'кишки']",медики,диагностировали,разрыв,кишки,,3,медик,12.89,masc,7,диагностировать,1.02,2,разрыв,29.26,masc,2.0,кишка,10.72,femn,,,0.02,,,0
112,Медики забрали мужчину,2,Subject - Verb - Object,3,"['Медики', 'забрали', 'мужчину']",медики,забрали,мужчину,,,3,медик,12.89,masc,3,забрать,40.35,3,мужчина,175.9567482946153,masc,,,0.02,,,,0.02,,,0
113,Медики обнаружили телесные повреждения,3,Subject - Verb - Adj - Object,4,"['Медики', 'обнаружили', 'телесные', 'повреждения']",медики,обнаружили,повреждения,,телесные,3,медик,12.89,masc,5,обнаружить,93.24342991343502,5,повреждение,14.89,neut,,,0.02,,4.0,телесный,17.62,masc,to_evaluate,1
114,Милиционер получил телесные повреждения,3,Subject - Verb - Adj - Object,4,"['Милиционер', 'получил', 'телесные', 'повреждения']",милиционер,получил,повреждения,,телесные,5,милиционер,25.74,masc,3,получить,552.8909435766419,5,повреждение,14.89,neut,,,0.02,,4.0,телесный,17.62,masc,,0
115,Милиционеры блокировали группу грабителей,2,Subject - Verb - Object - Gen,4,"['Милиционеры', 'блокировали', 'группу', 'грабителей']",милиционеры,блокировали,группу,грабителей,,6,милиционер,25.74,masc,5,блокировать,4.95,2,группа,253.9644981949859,femn,4.0,грабитель,10.67,masc,,,0.02,,to_evaluate,1
116,Милиция отрабатывает версии происшествия,2,Subject - Verb - Object - Gen,4,"['Милиция', 'отрабатывает', 'версии', 'происшествия']",милиция,отрабатывает,версии,происшествия,,4,милиция,45.24,femn,6,отрабатывать,4.19,3,версия,28.14,femn,5.0,происшествие,33.2,neut,,,0.02,,to_evaluate,1
117,Милиция провела проверку,2,Subject - Verb - Object,3,"['Милиция', 'провела', 'проверку']",милиция,провела,проверку,,,4,милиция,45.24,femn,3,провести,182.8708894959868,3,проверка,35.61,femn,,,0.02,,,,0.02,,to_evaluate,1
118,Мужчина вызвал скорую помощь,3,Subject - Verb - Adj - Object,4,"['Мужчина', 'вызвал', 'скорую', 'помощь']",мужчина,вызвал,помощь,,скорую,3,мужчина,175.9567482946153,masc,2,вызвать,144.8310952617903,2,помощь,257.663256620594,femn,,,0.02,,3.0,скорый,38.89171043475167,masc,to_evaluate,1
119,Мужчина показал полицейское удостоверение,3,Subject - Verb - Adj - Object,4,"['Мужчина', 'показал', 'полицейское', 'удостоверение']",мужчина,показал,удостоверение,,полицейское,3,мужчина,175.9567482946153,masc,3,показать,252.7627355296258,7,удостоверение,11.25,neut,,,0.02,,5.0,полицейский,41.31,masc,to_evaluate,1
120,Мужчина получил ожоги,2,Subject - Verb - Object,3,"['Мужчина', 'получил', 'ожоги']",мужчина,получил,ожоги,,,3,мужчина,175.9567482946153,masc,3,получить,552.8909435766419,3,ожог,4.8,masc,,,0.02,,,,0.02,,,0
121,Мужчина получил травмы,2,Subject - Verb - Object,3,"['Мужчина', 'получил', 'травмы']",мужчина,получил,травмы,,,3,мужчина,175.9567482946153,masc,3,получить,552.8909435766419,2,травма,9.03,femn,,,0.02,,,,0.02,,,0
122,Мужчина потребовал встречи,2,Subject - Verb - Object,3,"['Мужчина', 'потребовал', 'встречи']",мужчина,потребовал,встречи,,,3,мужчина,175.9567482946153,masc,4,потребовать,50.9,2,встреча,164.2836269384181,femn,,,0.02,,,,0.02,,,0
123,Мужчина устроили драку,2,Subject - Verb - Object,3,"['Мужчина', 'устроили', 'драку']",мужчина,устроили,драку,,,3,мужчина,175.9567482946153,masc,4,устроить,128.7034402926586,2,драка,22.49,femn,,,0.02,,,,0.02,,to_evaluate,1
124,Мужчины проявляют сдержанность,2,Subject - Verb - Object,3,"['Мужчины', 'проявляют', 'сдержанность']",мужчины,проявляют,сдержанность,,,3,мужчина,175.9567482946153,masc,4,проявлять,29.48,3,сдержанность,5.02,femn,,,0.02,,,,0.02,,to_evaluate,1
125,Музей получил новое название,3,Subject - Verb - Adj - Object,4,"['Музей', 'получил', 'новое', 'название']",музей,получил,название,,новое,2,музей,102.7079785490706,masc,3,получить,552.8909435766419,4,название,132.0817286741707,neut,,,0.02,,3.0,новый,1144.374492213546,masc,control,1
126,Музыкант записал композицию,2,Subject - Verb - Object,3,"['Музыкант', 'записал', 'композицию']",музыкант,записал,композицию,,,3,музыкант,32.83,masc,3,записать,57.61517276106108,5,композиция,18.17,femn,,,0.02,,,,0.02,,to_evaluate,1
127,Музыкант исполнил роль рассказчика,2,Subject - Verb - Object - Gen,4,"['Музыкант', 'исполнил', 'роль', 'рассказчика']",музыкант,исполнил,роль,рассказчика,,3,музыкант,32.83,masc,3,исполнить,74.16745053862002,1,роль,217.1959018023702,femn,4.0,рассказчик,9.44,masc,,,0.02,,to_evaluate,1
128,Наряд задержал мужчину,2,Subject - Verb - Object,3,"['Наряд', 'задержал', 'мужчину']",наряд,задержал,мужчину,,,2,наряд,25.06,masc,3,задержать,39.32,3,мужчина,175.9567482946153,masc,,,0.02,,,,0.02,,to_evaluate,1
129,Незнакомцы затеяли ссору,2,Subject - Verb - Object,3,"['Незнакомцы', 'затеяли', 'ссору']",незнакомцы,затеяли,ссору,,,4,незнакомец,14.96,masc,4,затеять,13.21,2,ссора,20.84,femn,,,0.02,,,,0.02,,to_evaluate,1
130,Немцы понесли потери,2,Subject - Verb - Object,3,"['Немцы', 'понесли', 'потери']",немцы,понесли,потери,,,2,немец,145.0901418807679,masc,3,понести,29.12,3,потеря,60.98,femn,,,0.02,,,,0.02,,to_evaluate,1
131,Неудачи преследовали экспедицию,2,Subject - Verb - Object,3,"['Неудачи', 'преследовали', 'экспедицию']",неудачи,преследовали,экспедицию,,,4,неудача,34.13,femn,5,преследовать,36.34,5,экспедиция,54.63,femn,,,0.02,,,,0.02,,to_evaluate,1
132,Нянька держит младенца,2,Subject - Verb - Object,3,"['Нянька', 'держит', 'младенца']",нянька,держит,младенца,,,2,нянька,12.03,femn,2,держать,206.0649089374355,3,младенец,30.12,masc,,,0.02,,,,0.02,,to_evaluate,1
133,Обвиняемый признал вину,2,Subject - Verb - Object,3,"['Обвиняемый', 'признал', 'вину']",обвиняемый,признал,вину,,,5,обвинять,28.04,,2,признать,90.82121049680936,2,вина,53.63,neut,,,0.02,,,,0.02,,to_evaluate,1
134,Обряд символизировал круговорот времени,2,Subject - Verb - Object - Gen,4,"['Обряд', 'символизировал', 'круговорот', 'времени']",обряд,символизировал,круговорот,времени,,2,обряд,25.1,masc,6,символизировать,4.2,4,круговорот,3.0,masc,3.0,время,2041.065699096388,neut,,,0.02,,to_evaluate,1
135,Огонь сжег квартиру,2,Subject - Verb - Object,3,"['Огонь', 'сжег', 'квартиру']",огонь,сжег,квартиру,,,2,огонь,199.3884496854353,masc,1,сжечь,27.38,3,квартира,237.4389262544349,femn,,,0.02,,,,0.02,,,0
136,Округ занимал крупную территорию,3,Subject - Verb - Adj - Object,4,"['Округ', 'занимал', 'крупную', 'территорию']",округ,занимал,территорию,,крупную,2,округ,45.48,masc,3,занимать,112.0576920855716,5,территория,88.73,femn,,,0.02,,3.0,крупный,170.63160439522,masc,to_evaluate,1
137,Оперативники провели задержание,2,Subject - Verb - Object,3,"['Оперативники', 'провели', 'задержание']",оперативники,провели,задержание,,,6,оперативник,4.29,masc,3,провести,182.8708894959868,5,задержание,5.65,neut,,,0.02,,,,0.02,,,0
138,Организация получила предупреждение,2,Subject - Verb - Object,3,"['Организация', 'получила', 'предупреждение']",организация,получила,предупреждение,,,6,организация,195.7778205219536,femn,4,получить,552.8909435766419,6,предупреждение,15.96,neut,,,0.02,,,,0.02,,,0
139,Органы исключили версию ограбления,2,Subject - Verb - Object - Gen,4,"['Органы', 'исключили', 'версию', 'ограбления']",органы,исключили,версию,ограбления,,3,орган,129.793038442585,masc,4,исключить,31.03,3,версия,28.14,femn,5.0,ограбление,4.5,neut,,,0.02,,to_evaluate,1
140,Органы уточнили хронологию событий,2,Subject - Verb - Object - Gen,4,"['Органы', 'уточнили', 'хронологию', 'событий']",органы,уточнили,хронологию,событий,,3,орган,129.793038442585,masc,4,уточнить,13.9,5,хронология,2.72,femn,3.0,событие,180.3258232291242,neut,,,0.02,,to_evaluate,1
141,Отец решал судьбу сына,2,Subject - Verb - Object - Gen,4,"['Отец', 'решал', 'судьбу', 'сына']",отец,решал,судьбу,сына,,2,отец,593.5585921724257,masc,2,решать,74.47990883161361,2,судьба,195.6015619977008,femn,2.0,сын,376.7339015044666,masc,,,0.02,,to_evaluate,1
142,Отряд понёс большие потери,3,Subject - Verb - Adj - Object,4,"['Отряд', 'понёс', 'большие', 'потери']",отряд,понёс,потери,,большие,2,отряд,95.77,masc,1,понести,29.12,3,потеря,60.98,femn,,,0.02,,3.0,больший,179.7650006519563,masc,control,1
143,Отряды блокировали здания,2,Subject - Verb - Object,3,"['Отряды', 'блокировали', 'здания']",отряды,блокировали,здания,,,3,отряд,95.77,masc,5,блокировать,4.95,3,здание,118.2347521855222,neut,,,0.02,,,,0.02,,to_evaluate,1
144,Охотники пели народные песни,3,Subject - Verb - Adj - Object,4,"['Охотники', 'пели', 'народные', 'песни']",охотники,пели,песни,,народные,4,охотник,54.68,masc,2,петь,147.0102915616432,2,песня,152.6131761659218,femn,,,0.02,,4.0,народный,169.5607003311991,masc,to_evaluate,1
145,Охрана допросила экипаж,2,Subject - Verb - Object,3,"['Охрана', 'допросила', 'экипаж']",охрана,допросила,экипаж,,,3,охрана,51.12,femn,4,допросить,4.17,3,экипаж,55.02,masc,,,0.02,,,,0.02,,to_evaluate,1
146,Охранники открыли огонь,2,Subject - Verb - Object,3,"['Охранники', 'открыли', 'огонь']",охранники,открыли,огонь,,,4,охранник,14.88,masc,3,открыть,208.1800112284692,2,огонь,199.3884496854353,masc,,,0.02,,,,0.02,,to_evaluate,1
147,Охранники получили ранения,2,Subject - Verb - Object,3,"['Охранники', 'получили', 'ранения']",охранники,получили,ранения,,,4,охранник,14.88,masc,4,получить,552.8909435766419,4,ранение,8.25,neut,,,0.02,,,,0.02,,to_evaluate,1
148,Очевидцы вызвали сотрудников полиции,2,Subject - Verb - Object - Gen,4,"['Очевидцы', 'вызвали', 'сотрудников', 'полиции']",очевидцы,вызвали,сотрудников,полиции,,4,очевидец,8.9,masc,3,вызвать,144.8310952617903,4,сотрудник,80.62,masc,4.0,полиция,72.38,femn,,,0.02,,to_evaluate,1
149,Ошибка возмутила украинских зрителей,3,Subject - Verb - Adj - Object,4,"['Ошибка', 'возмутила', 'украинских', 'зрителей']",ошибка,возмутила,зрителей,,украинских,3,ошибка,93.43,femn,4,возмутить,11.25,3,зритель,64.76,masc,,,0.02,,4.0,украинский,31.52089942054342,masc,to_evaluate,1
150,Парламентарии обсудят обращения,2,Subject - Verb - Object,3,"['Парламентарии', 'обсудят', 'обращения']",парламентарии,обсудят,обращения,,,6,парламентарий,2.11,masc,3,обсудить,18.62,5,обращение,55.75,neut,,,0.02,,,,0.02,,control,1
151,Певица принесла публичные извинения,3,Subject - Verb - Adj - Object,4,"['Певица', 'принесла', 'публичные', 'извинения']",певица,принесла,извинения,,публичные,3,певица,12.46,femn,3,принести,163.6533691850293,5,извинение,9.18,neut,,,0.02,,4.0,публичный,30.52477170014499,masc,to_evaluate,1
152,Педиатры принимают пациентов,2,Subject - Verb - Object,3,"['Педиатры', 'принимают', 'пациентов']",педиатры,принимают,пациентов,,,4,педиатр,0.97,masc,4,принимать,232.2366292052764,4,пациент,19.84,masc,,,0.02,,,,0.02,,,0
153,Пенсионерка получила телесные повреждения,3,Subject - Verb - Adj - Object,4,"['Пенсионерка', 'получила', 'телесные', 'повреждения']",пенсионерка,получила,повреждения,,телесные,5,пенсионерка,1.62,femn,4,получить,552.8909435766419,5,повреждение,14.89,neut,,,0.02,,4.0,телесный,17.62,masc,,0
154,Песня имела небольшой успех,3,Subject - Verb - Adj - Object,4,"['Песня', 'имела', 'небольшой', 'успех']",песня,имела,успех,,небольшой,2,песня,152.6131761659218,femn,3,иметь,1048.094608632301,2,успех,159.289635417922,masc,,,0.02,,3.0,небольшой,215.2677403703926,femn,,0
155,Пехота ведет огонь,2,Subject - Verb - Object,3,"['Пехота', 'ведет', 'огонь']",пехота,ведет,огонь,,,3,пехота,30.01,femn,2,вести,331.68382505567,2,огонь,199.3884496854353,masc,,,0.02,,,,0.02,,,0
156,Пехотинцы окружили дом,2,Subject - Verb - Object,3,"['Пехотинцы', 'окружили', 'дом']",пехотинцы,окружили,дом,,,4,пехотинец,3.02,masc,4,окружить,54.39978998529777,1,дом,849.160158176002,masc,,,0.02,,,,0.02,,to_evaluate,1
157,Пещеры пронизывают монастырскую гору,3,Subject - Verb - Adj - Object,4,"['Пещеры', 'пронизывают', 'монастырскую', 'гору']",пещеры,пронизывают,гору,,монастырскую,3,пещера,28.51,femn,5,пронизывать,8.05,2,гора,229.1440932797499,femn,,,0.02,,5.0,монастырский,16.13,masc,to_evaluate,1
158,Письма носят личный характер,3,Subject - Verb - Adj - Object,4,"['Письма', 'носят', 'личный', 'характер']",письма,носят,характер,,личный,2,письмо,468.4550987084456,neut,2,носить,122.820144399796,3,характер,202.9910670978146,masc,,,0.02,,2.0,личный,154.1941617167954,masc,to_evaluate,1
159,Плита прикрывает могильный холм,3,Subject - Verb - Adj - Object,4,"['Плита', 'прикрывает', 'могильный', 'холм']",плита,прикрывает,холм,,могильный,2,плита,29.19,femn,4,прикрывать,18.5,1,холм,41.61,masc,,,0.02,,3.0,могильный,5.79,masc,,0
160,Плотники сделали ткацкие станки,3,Subject - Verb - Adj - Object,4,"['Плотники', 'сделали', 'ткацкие', 'станки']",плотники,сделали,станки,,ткацкие,3,плотник,12.66,masc,3,сделать,777.863585115742,2,станок,19.82,masc,,,0.02,,3.0,ткацкий,1.99,masc,to_evaluate,1
161,Победитель получает денежную премию,3,Subject - Verb - Adj - Object,4,"['Победитель', 'получает', 'денежную', 'премию']",победитель,получает,премию,,денежную,4,победитель,30.0,masc,4,получать,178.8783668632906,3,премия,37.71,femn,,,0.02,,4.0,денежный,38.61396972986846,masc,to_evaluate,1
162,Повреждения снижали стоимость монет,2,Subject - Verb - Object - Gen,4,"['Повреждения', 'снижали', 'стоимость', 'монет']",повреждения,снижали,стоимость,монет,,5,повреждение,14.89,neut,3,снижать,8.62,3,стоимость,44.67,femn,2.0,монета,27.93,femn,,,0.02,,to_evaluate,1
163,Пограничники остановили судно,2,Subject - Verb - Object,3,"['Пограничники', 'остановили', 'судно']",пограничники,остановили,судно,,,5,пограничник,5.78,masc,5,остановить,71.95353665065674,2,судно,83.83,neut,,,0.02,,,,0.02,,,0
164,Пограничники открыли огонь,2,Subject - Verb - Object,3,"['Пограничники', 'открыли', 'огонь']",пограничники,открыли,огонь,,,5,пограничник,5.78,masc,3,открыть,208.1800112284692,2,огонь,199.3884496854353,masc,,,0.02,,,,0.02,,,0
165,Подготовка потребовала большого труда,3,Subject - Verb - Adj - Object,4,"['Подготовка', 'потребовала', 'большого', 'труда']",подготовка,потребовала,труда,,большого,4,подготовка,78.67,femn,5,потребовать,50.9,2,труд,292.9203026385567,masc,,,0.02,,3.0,большой,993.1259843187332,femn,to_evaluate,1
166,Подельники признали вину,2,Subject - Verb - Object,3,"['Подельники', 'признали', 'вину']",подельники,признали,вину,,,4,подельник,1.03,masc,3,признать,90.82121049680936,2,вина,53.63,neut,,,0.02,,,,0.02,,,0
167,Подозреваемая ударила мужчину,2,Subject - Verb - Object,3,"['Подозреваемая', 'ударила', 'мужчину']",подозреваемая,ударила,мужчину,,,7,подозревать,41.28,,4,ударить,69.40847038379427,3,мужчина,175.9567482946153,masc,,,0.02,,,,0.02,,,0
168,Подозреваемые отрицают вину,2,Subject - Verb - Object,3,"['Подозреваемые', 'отрицают', 'вину']",подозреваемые,отрицают,вину,,,7,подозревать,41.28,,4,отрицать,30.51,2,вина,53.63,neut,,,0.02,,,,0.02,,control,1
169,Подозреваемый хранил наркотики,2,Subject - Verb - Object,3,"['Подозреваемый', 'хранил', 'наркотики']",подозреваемый,хранил,наркотики,,,6,подозревать,41.28,,2,хранить,40.73,4,наркотик,12.19,masc,,,0.02,,,,0.02,,control,1
170,Подписчики раскритиковали журналистку,2,Subject - Verb - Object,3,"['Подписчики', 'раскритиковали', 'журналистку']",подписчики,раскритиковали,журналистку,,,4,подписчик,4.59,masc,6,раскритиковать,1.04,4,журналистка,3.03,femn,,,0.02,,,,0.02,,,0
171,Подростки получили ранения,2,Subject - Verb - Object,3,"['Подростки', 'получили', 'ранения']",подростки,получили,ранения,,,3,подросток,26.32,masc,4,получить,552.8909435766419,4,ранение,8.25,neut,,,0.02,,,,0.02,,,0
172,Подросток получил ушибы,2,Subject - Verb - Object,3,"['Подросток', 'получил', 'ушибы']",подросток,получил,ушибы,,,3,подросток,26.32,masc,3,получить,552.8909435766419,3,ушиб,3.19,masc,,,0.02,,,,0.02,,to_evaluate,1
173,Подсудимые отвергают обвинения,2,Subject - Verb - Object,3,"['Подсудимые', 'отвергают', 'обвинения']",подсудимые,отвергают,обвинения,,,5,подсудимый,15.94,masc,4,отвергать,16.52,5,обвинение,36.92,neut,,,0.02,,,,0.02,,,0
174,Подсудимый признал вину,2,Subject - Verb - Object,3,"['Подсудимый', 'признал', 'вину']",подсудимый,признал,вину,,,4,подсудимый,15.94,masc,2,признать,90.82121049680936,2,вина,53.63,neut,,,0.02,,,,0.02,,,0
175,Пожарные ликвидировали открытое горение,3,Subject - Verb - Adj - Object,4,"['Пожарные', 'ликвидировали', 'открытое', 'горение']",пожарные,ликвидировали,горение,,открытое,4,пожарный,17.89,masc,6,ликвидировать,13.88,4,горение,5.15,neut,,,0.02,,4.0,открытый,111.4060696625764,masc,to_evaluate,1
176,Пожарные проверяют соседние помещения,3,Subject - Verb - Adj - Object,4,"['Пожарные', 'проверяют', 'соседние', 'помещения']",пожарные,проверяют,помещения,,соседние,4,пожарный,17.89,masc,4,проверять,30.2,5,помещение,76.96,neut,,,0.02,,4.0,соседний,69.71825809308706,masc,to_evaluate,1
177,Покупатель заплатил аванс,2,Subject - Verb - Object,3,"['Покупатель', 'заплатил', 'аванс']",покупатель,заплатил,аванс,,,4,покупатель,27.67,masc,3,заплатить,43.88,2,аванс,6.37,masc,,,0.02,,,,0.02,,to_evaluate,1
178,Политик перенес сложную операцию,3,Subject - Verb - Adj - Object,4,"['Политик', 'перенес', 'сложную', 'операцию']",политик,перенес,операцию,,сложную,3,политик,23.07,masc,3,перенести,42.6,5,операция,90.19,femn,,,0.02,,3.0,сложный,107.7019700695667,masc,to_evaluate,1
179,Полицейские задержали стрелка,2,Subject - Verb - Object,3,"['Полицейские', 'задержали', 'стрелка']",полицейские,задержали,стрелка,,,5,полицейский,41.31,masc,4,задержать,39.32,2,стрелка,24.43,femn,,,0.02,,,,0.02,,,0
180,Полицейские обнаружили бомбу,2,Subject - Verb - Object,3,"['Полицейские', 'обнаружили', 'бомбу']",полицейские,обнаружили,бомбу,,,5,полицейский,41.31,masc,5,обнаружить,93.24342991343502,2,бомба,35.84,femn,,,0.02,,,,0.02,,,0
181,Полицейские обнаружили следы взлома,2,Subject - Verb - Object - Gen,4,"['Полицейские', 'обнаружили', 'следы', 'взлома']",полицейские,обнаружили,следы,взлома,,5,полицейский,41.31,masc,5,обнаружить,93.24342991343502,2,след,102.5557552781249,masc,2.0,взлом,1.66,masc,,,0.02,,to_evaluate,1
182,Полицейские получили ранения,2,Subject - Verb - Object,3,"['Полицейские', 'получили', 'ранения']",полицейские,получили,ранения,,,5,полицейский,41.31,masc,4,получить,552.8909435766419,4,ранение,8.25,neut,,,0.02,,,,0.02,,,0
183,Полицейские примут обосновенное решение,3,Subject - Verb - Adj - Object,4,"['Полицейские', 'примут', 'обосновенное', 'решение']",полицейские,примут,решение,,обосновенное,5,полицейский,41.31,masc,2,принять,384.7456526068669,4,решение,238.707453512315,neut,,,0.02,,6.0,обосновенный,,masc,control,1
184,Полицейский получил ранение,2,Subject - Verb - Object,3,"['Полицейский', 'получил', 'ранение']",полицейский,получил,ранение,,,4,полицейский,41.31,masc,3,получить,552.8909435766419,4,ранение,8.25,neut,,,0.02,,,,0.02,,,0
185,Полицейский ранил школьника,2,Subject - Verb - Object,3,"['Полицейский', 'ранил', 'школьника']",полицейский,ранил,школьника,,,4,полицейский,41.31,masc,2,ранить,38.49,3,школьник,22.16,masc,,,0.02,,,,0.02,,,0
186,Полиция ведет поиск россиянина,2,Subject - Verb - Object - Gen,4,"['Полиция', 'ведет', 'поиск', 'россиянина']",полиция,ведет,поиск,россиянина,,4,полиция,72.38,femn,2,вести,331.68382505567,2,поиск,73.38,masc,5.0,россиянин,19.22,masc,,,0.02,,to_evaluate,1
187,Полиция ведет поиски заявителя,2,Subject - Verb - Object - Gen,4,"['Полиция', 'ведет', 'поиски', 'заявителя']",полиция,ведет,поиски,заявителя,,4,полиция,73.22,femn,2,вести,335.0,3,поиск,73.59,masc,5.0,заявитель,,masc,,,0.04,,to_evaluate,1
188,Полиция выясняет мотивы поступка,2,Subject - Verb - Object - Gen,4,"['Полиция', 'выясняет', 'мотивы', 'поступка']",полиция,выясняет,мотивы,поступка,,4,полиция,72.38,femn,4,выяснять,9.5,3,мотив,40.2,masc,3.0,поступок,60.62,masc,,,0.02,,to_evaluate,1
189,Полиция забрала мужчину,2,Subject - Verb - Object,3,"['Полиция', 'забрала', 'мужчину']",полиция,забрала,мужчину,,,4,полиция,72.38,femn,3,забрать,40.35,3,мужчина,175.9567482946153,masc,,,0.02,,,,0.02,,,0
190,Полиция задержала противников кинокартины,2,Subject - Verb - Object - Gen,4,"['Полиция', 'задержала', 'противников', 'кинокартины']",полиция,задержала,противников,кинокартины,,4,полиция,72.38,femn,4,задержать,39.32,4,противник,103.8136002012018,masc,5.0,кинокартина,1.48,femn,,,0.02,,to_evaluate,1
191,Полиция использует шпионскую программу,3,Subject - Verb - Adj - Object,4,"['Полиция', 'использует', 'шпионскую', 'программу']",полиция,использует,программу,,шпионскую,4,полиция,72.38,femn,4,использовать,165.514766024487,3,программа,148.1506308018848,femn,,,0.02,,4.0,шпионский,2.86,masc,to_evaluate,1
192,Полиция начала проверку,2,Subject - Verb - Object,3,"['Полиция', 'начала', 'проверку']",полиция,начала,проверку,,,4,полиция,72.38,femn,3,начало,339.05,3,проверка,35.61,femn,,,0.02,,,,0.02,,to_evaluate,1
193,Полиция отрицает сообщения,2,Subject - Verb - Object,3,"['Полиция', 'отрицает', 'сообщения']",полиция,отрицает,сообщения,,,4,полиция,72.38,femn,4,отрицать,30.51,5,сообщение,81.3,neut,,,0.02,,,,0.02,,,0
194,Полиция отыскала злоумышленника,2,Subject - Verb - Object,3,"['Полиция', 'отыскала', 'злоумышленника']",полиция,отыскала,злоумышленника,,,4,полиция,72.38,femn,4,отыскать,30.3,6,злоумышленник,4.53,masc,,,0.02,,,,0.02,,control,1
195,Полиция оцепила место аварии,2,Subject - Verb - Object - Gen,4,"['Полиция', 'оцепила', 'место', 'аварии']",полиция,оцепила,место,аварии,,4,полиция,72.38,femn,4,оцепить,2.55,2,место,983.6747886016016,neut,4.0,авария,16.92,femn,,,0.02,,to_evaluate,1
196,Полиция поймала террориста,2,Subject - Verb - Object,3,"['Полиция', 'поймала', 'террориста']",полиция,поймала,террориста,,,4,полиция,72.38,femn,3,поймать,55.3104590272706,4,террорист,13.29,masc,,,0.02,,,,0.02,,,0
197,Полиция проверяет подлинность облигаций,2,Subject - Verb - Object - Gen,4,"['Полиция', 'проверяет', 'подлинность', 'облигаций']",полиция,проверяет,подлинность,облигаций,,4,полиция,72.38,femn,4,проверять,30.2,3,подлинность,4.69,femn,4.0,облигация,5.85,femn,,,0.02,,to_evaluate,1
198,Полиция проводит проверку,2,Subject - Verb - Object,3,"['Полиция', 'проводит', 'проверку']",полиция,проводит,проверку,,,4,полиция,72.38,femn,3,проводить,164.5987558151126,3,проверка,35.61,femn,,,0.02,,,,0.02,,control,1
199,Полиция разместила видеозапись инцидента,2,Subject - Verb - Object - Gen,4,"['Полиция', 'разместила', 'видеозапись', 'инцидента']",полиция,разместила,видеозапись,инцидента,,4,полиция,72.38,femn,4,разместить,13.24,5,видеозапись,1.26,femn,4.0,инцидент,9.97,masc,,,0.02,,to_evaluate,1
200,Полиция разоблачила подлог,2,Subject - Verb - Object,3,"['Полиция', 'разоблачила', 'подлог']",полиция,разоблачила,подлог,,,4,полиция,72.38,femn,5,разоблачить,5.34,2,подлог,3.29,masc,,,0.02,,,,0.02,,control,1
201,Полиция разыскивает владельца здания,2,Subject - Verb - Object - Gen,4,"['Полиция', 'разыскивает', 'владельца', 'здания']",полиция,разыскивает,владельца,здания,,4,полиция,72.38,femn,5,разыскивать,12.06,3,владелец,43.62,masc,3.0,здание,118.2347521855222,neut,,,0.02,,to_evaluate,1
202,Полиция разыскивает сообщников,2,Subject - Verb - Object,3,"['Полиция', 'разыскивает', 'сообщников']",полиция,разыскивает,сообщников,,,4,полиция,72.38,femn,5,разыскивать,12.06,4,сообщник,5.18,masc,,,0.02,,,,0.02,,to_evaluate,1
203,Пользователи обратили внимание,2,Subject - Verb - Object,3,"['Пользователи', 'обратили', 'внимание']",пользователи,обратили,внимание,,,5,пользователь,13.6,masc,4,обратить,100.2991120509489,4,внимание,276.886118098953,neut,,,0.02,,,,0.02,,to_evaluate,1
204,Посетители проявили бурные эмоции,3,Subject - Verb - Adj - Object,4,"['Посетители', 'проявили', 'бурные', 'эмоции']",посетители,проявили,эмоции,,бурные,5,посетитель,34.77,masc,4,проявить,28.71,4,эмоция,19.74,femn,,,0.02,,3.0,бурный,29.34,masc,to_evaluate,1
205,Посетители читали газеты,2,Subject - Verb - Object,3,"['Посетители', 'читали', 'газеты']",посетители,читали,газеты,,,5,посетитель,34.77,masc,3,читать,388.8129515831855,3,газета,234.6401545359964,femn,,,0.02,,,,0.02,,to_evaluate,1
206,Правительство подпишет постановление,2,Subject - Verb - Object,3,"['Правительство', 'подпишет', 'постановление']",правительство,подпишет,постановление,,,4,правительство,221.1083069240424,neut,3,подписать,54.88583621884338,6,постановление,50.77,neut,,,0.02,,,,0.02,,to_evaluate,1
207,Президент выразил несогласие,2,Subject - Verb - Object,3,"['Президент', 'выразил', 'несогласие']",президент,выразил,несогласие,,,3,президент,119.7142555557655,masc,3,выразить,70.08679864379748,5,несогласие,6.42,neut,,,0.02,,,,0.02,,to_evaluate,1
208,Президент держит портрет отца,2,Subject - Verb - Object - Gen,4,"['Президент', 'держит', 'портрет', 'отца']",президент,держит,портрет,отца,,3,президент,119.7142555557655,masc,2,держать,206.0649089374355,2,портрет,87.5,masc,2.0,отец,593.5585921724257,masc,,,0.02,,to_evaluate,1
209,Премьера имела бесспорный успех,3,Subject - Verb - Adj - Object,4,"['Премьера', 'имела', 'бесспорный', 'успех']",премьера,имела,успех,,бесспорный,3,премьера,13.12,femn,3,иметь,1048.094608632301,2,успех,159.289635417922,masc,,,0.02,,3.0,бесспорный,9.01,masc,,0
210,Премьера привлекла внимание,2,Subject - Verb - Object,3,"['Премьера', 'привлекла', 'внимание']",премьера,привлекла,внимание,,,3,премьера,13.12,femn,3,привлечь,38.92,4,внимание,276.886118098953,neut,,,0.02,,,,0.02,,to_evaluate,1
211,Пресс-служба сообщила подробности,2,Subject - Verb - Object,3,"['Пресс-служба', 'сообщила', 'подробности']",пресс-служба,сообщила,подробности,,,3,пресс-служба,3.17,femn,4,сообщить,128.818275391793,4,подробность,60.93,femn,,,0.02,,,,0.02,,to_evaluate,1
212,Преступник нанес ранения,2,Subject - Verb - Object,3,"['Преступник', 'нанес', 'ранения']",преступник,нанес,ранения,,,3,преступник,35.44,masc,2,нанести,34.58,4,ранение,8.25,neut,,,0.02,,,,0.02,,,0
213,Преступник поджег игровые столы,3,Subject - Verb - Adj - Object,4,"['Преступник', 'поджег', 'игровые', 'столы']",преступник,поджег,столы,,игровые,3,преступник,35.44,masc,2,поджечь,6.82,2,стол,389.4699151735823,masc,,,0.02,,4.0,игровой,6.06,femn,control,1
214,Преступник совершил ограбление банка,2,Subject - Verb - Object - Gen,4,"['Преступник', 'совершил', 'ограбление', 'банка']",преступник,совершил,ограбление,банка,,3,преступник,35.44,masc,3,совершить,78.96916003265856,5,ограбление,4.5,neut,2.0,банк,89.59,masc,,,0.02,,to_evaluate,1
215,Преступники отпустили заложницу,2,Subject - Verb - Object,3,"['Преступники', 'отпустили', 'заложницу']",преступники,отпустили,заложницу,,,4,преступник,35.44,masc,4,отпустить,62.10175337840521,4,заложница,0.48,femn,,,0.02,,,,0.02,,to_evaluate,1
216,Приговор предусматривает двухлетнюю отсрочку,3,Subject - Verb - Adj - Object,4,"['Приговор', 'предусматривает', 'двухлетнюю', 'отсрочку']",приговор,предусматривает,отсрочку,,двухлетнюю,3,приговор,40.06,masc,6,предусматривать,15.56,3,отсрочка,5.8,femn,,,0.02,,4.0,двухлетний,3.69,masc,,0
217,Приставы конфисковали часть имущества,2,Subject - Verb - Object - Gen,4,"['Приставы', 'конфисковали', 'часть', 'имущества']",приставы,конфисковали,часть,имущества,,3,пристав,19.01,,5,конфисковать,4.89,1,часть,613.1660177036999,femn,4.0,имущество,55.84,neut,,,0.02,,to_evaluate,1
218,Программа покажет местоположение предмета,2,Subject - Verb - Object - Gen,4,"['Программа', 'покажет', 'местоположение', 'предмета']",программа,покажет,местоположение,предмета,,3,программа,148.1506308018848,femn,3,показать,252.7627355296258,7,местоположение,4.96,neut,3.0,предмет,175.6069018298105,masc,,,0.02,,to_evaluate,1
219,Продавец выставил привлекательную цену,3,Subject - Verb - Adj - Object,4,"['Продавец', 'выставил', 'привлекательную', 'цену']",продавец,выставил,цену,,привлекательную,3,продавец,20.15,masc,3,выставить,35.18,2,цена,154.5760551860098,femn,,,0.02,,6.0,привлекательный,16.97,masc,to_evaluate,1
220,Продавцы обещают большие скидки,3,Subject - Verb - Adj - Object,4,"['Продавцы', 'обещают', 'большие', 'скидки']",продавцы,обещают,скидки,,большие,3,продавец,20.15,masc,4,обещать,119.8611376593095,2,скидка,6.6,femn,,,0.02,,3.0,больший,179.7650006519563,masc,to_evaluate,1
221,Прокуратура ведет проверку,2,Subject - Verb - Object,3,"['Прокуратура', 'ведет', 'проверку']",прокуратура,ведет,проверку,,,5,прокуратура,17.95,femn,2,вести,331.68382505567,3,проверка,35.61,femn,,,0.02,,,,0.02,,,0
222,Прокуратура инициировала проверку,2,Subject - Verb - Object,3,"['Прокуратура', 'инициировала', 'проверку']",прокуратура,инициировала,проверку,,,5,прокуратура,17.95,femn,7,инициировать,3.39,3,проверка,35.61,femn,,,0.02,,,,0.02,,control,1
223,Прокуратура провела проверку,2,Subject - Verb - Object,3,"['Прокуратура', 'провела', 'проверку']",прокуратура,провела,проверку,,,5,прокуратура,17.95,femn,3,провести,182.8708894959868,3,проверка,35.61,femn,,,0.02,,,,0.02,,,0
224,Прокуратура проводит проверку,2,Subject - Verb - Object,3,"['Прокуратура', 'проводит', 'проверку']",прокуратура,проводит,проверку,,,5,прокуратура,17.95,femn,3,проводить,164.5987558151126,3,проверка,35.61,femn,,,0.02,,,,0.02,,,0
225,Прокуроры контролировали исполнение приговоров,2,Subject - Verb - Object - Gen,4,"['Прокуроры', 'контролировали', 'исполнение', 'приговоров']",прокуроры,контролировали,исполнение,приговоров,,4,прокурор,37.84,masc,6,контролировать,20.19,5,исполнение,77.48,neut,4.0,приговор,40.06,masc,,,0.02,,to_evaluate,1
226,Проповедь приносила обильные плоды,3,Subject - Verb - Adj - Object,4,"['Проповедь', 'приносила', 'обильные', 'плоды']",проповедь,приносила,плоды,,обильные,3,проповедь,24.07,femn,4,приносить,71.75057228939593,2,плод,51.85,masc,,,0.02,,4.0,обильный,15.54,masc,control,1
227,Процесс носит необратимый характер,3,Subject - Verb - Adj - Object,4,"['Процесс', 'носит', 'необратимый', 'характер']",процесс,носит,характер,,необратимый,2,процесс,223.3996677393289,masc,2,носить,122.820144399796,3,характер,202.9910670978146,masc,,,0.02,,5.0,необратимый,3.12,masc,to_evaluate,1
228,Психологи подтвердили правдивость историй,2,Subject - Verb - Object - Gen,4,"['Психологи', 'подтвердили', 'правдивость', 'историй']",психологи,подтвердили,правдивость,историй,,4,психолог,14.72,masc,4,подтвердить,51.35,3,правдивость,4.21,femn,3.0,история,410.5167853195878,femn,,,0.02,,to_evaluate,1
229,Публикация собрала десятки комментариев,2,Subject - Verb - Object - Gen,4,"['Публикация', 'собрала', 'десятки', 'комментариев']",публикация,собрала,десятки,комментариев,,5,публикация,26.19,femn,3,собрать,109.889178120522,3,десятка,7.03,masc,5.0,комментарий,19.32,masc,,,0.02,,to_evaluate,1
230,Путешественники нашли бутылку,2,Subject - Verb - Object,3,"['Путешественники', 'нашли', 'бутылку']",путешественники,нашли,бутылку,,,6,путешественник,26.16,masc,2,наслать,1.24,3,бутылка,84.3,femn,,,0.02,,,,0.02,,control,1
231,Путешествие продлится месяц,2,Subject - Verb - Object,3,"['Путешествие', 'продлится', 'месяц']",путешествие,продлится,месяц,,,5,путешествие,62.96,neut,3,продлиться,4.32,2,месяц,313.8737023550342,masc,,,0.02,,,,0.02,,to_evaluate,1
232,Пятна образуют шахматный рисунок,3,Subject - Verb - Adj - Object,4,"['Пятна', 'образуют', 'шахматный', 'рисунок']",пятна,образуют,рисунок,,шахматный,2,пятно,52.08,neut,4,образовать,30.35,3,рисунок,81.15,masc,,,0.02,,3.0,шахматный,10.06,masc,to_evaluate,1
233,Ребята совершили недопустимые поступки,3,Subject - Verb - Adj - Object,4,"['Ребята', 'совершили', 'недопустимые', 'поступки']",ребята,совершили,поступки,,недопустимые,3,ребята,121.6878169106568,,4,совершить,78.96916003265856,3,поступок,60.62,masc,,,0.02,,6.0,недопустимый,7.29,masc,to_evaluate,1
234,Регистрация займет день,2,Subject - Verb - Object,3,"['Регистрация', 'займет', 'день']",регистрация,займет,день,,,5,регистрация,18.07,femn,2,занять,159.2789530831188,1,день,1550.709143457681,masc,,,0.02,,,,0.02,,,0
235,Решения носили обязательный характер,3,Subject - Verb - Adj - Object,4,"['Решения', 'носили', 'обязательный', 'характер']",решения,носили,характер,,обязательный,4,решение,238.707453512315,neut,3,носить,122.820144399796,3,характер,202.9910670978146,masc,,,0.02,,5.0,обязательный,40.66764859578373,masc,to_evaluate,1
236,Родители опубликовали пост,2,Subject - Verb - Object,3,"['Родители', 'опубликовали', 'пост']",родители,опубликовали,пост,,,4,родитель,125.1008228802793,masc,6,опубликовать,40.8,1,пост,76.07,masc,,,0.02,,,,0.02,,,0
237,Родники образуют небольшое озеро,3,Subject - Verb - Adj - Object,4,"['Родники', 'образуют', 'небольшое', 'озеро']",родники,образуют,озеро,,небольшое,3,родник,6.19,masc,4,образовать,30.35,3,озеро,93.41,neut,,,0.02,,4.0,небольшой,215.2677403703926,femn,to_evaluate,1
238,Родственники распивали спиртное,2,Subject - Verb - Object,3,"['Родственники', 'распивали', 'спиртное']",родственники,распивали,спиртное,,,4,родственник,59.66,masc,4,распивать,1.57,3,спиртное,4.24,neut,,,0.02,,,,0.02,,,0
239,Россияне вырвали победу,2,Subject - Verb - Object,3,"['Россияне', 'вырвали', 'победу']",россияне,вырвали,победу,,,4,россиянин,19.22,masc,3,вырвать,24.21,3,победа,114.6534994427493,femn,,,0.02,,,,0.02,,to_evaluate,1
240,Руководство хранит молчание,2,Subject - Verb - Object,3,"['Руководство', 'хранит', 'молчание']",руководство,хранит,молчание,,,4,руководство,84.99,neut,2,хранить,40.73,4,молчание,57.05,neut,,,0.02,,,,0.02,,to_evaluate,1
241,Самец демонстрирует брачный танец,3,Subject - Verb - Adj - Object,4,"['Самец', 'демонстрирует', 'брачный', 'танец']",самец,демонстрирует,танец,,брачный,2,самец,13.27,masc,5,демонстрировать,21.76,2,танец,26.34,masc,,,0.02,,2.0,брачный,9.91,masc,to_evaluate,1
242,Сборная получила условную дисквалификацию,3,Subject - Verb - Adj - Object,4,"['Сборная', 'получила', 'условную', 'дисквалификацию']",сборная,получила,дисквалификацию,,условную,3,сборная,11.68,femn,4,получить,552.8909435766419,7,дисквалификация,0.56,femn,,,0.02,,4.0,условный,22.77,masc,,0
243,Семья имеет индейские корни,3,Subject - Verb - Adj - Object,4,"['Семья', 'имеет', 'индейские', 'корни']",семья,имеет,корни,,индейские,2,семья,233.2487804278796,femn,3,иметь,1048.094608632301,2,корень,58.13,masc,,,0.02,,4.0,индейский,4.22,masc,,0
244,Сериал представляет сборник новелл,2,Subject - Verb - Object - Gen,4,"['Сериал', 'представляет', 'сборник', 'новелл']",сериал,представляет,сборник,новелл,,3,сериал,6.17,masc,4,представлять,218.4003350514311,2,сборник,33.41,masc,2.0,новелла,6.71,femn,,,0.02,,to_evaluate,1
245,Силовики начали штурм квартиры,2,Subject - Verb - Object - Gen,4,"['Силовики', 'начали', 'штурм', 'квартиры']",силовики,начали,штурм,квартиры,,4,силовик,2.3,masc,3,начать,500.4860796158419,1,штурм,14.67,masc,3.0,квартира,237.4389262544349,femn,,,0.02,,to_evaluate,1
246,Синоптики обещают осадки,2,Subject - Verb - Object,3,"['Синоптики', 'обещают', 'осадки']",синоптики,обещают,осадки,,,4,синоптик,1.01,masc,4,обещать,119.8611376593095,3,осадка,2.11,femn,,,0.02,,,,0.02,,,0
247,Синоптики объявили штормовое предупреждение,3,Subject - Verb - Adj - Object,4,"['Синоптики', 'объявили', 'штормовое', 'предупреждение']",синоптики,объявили,предупреждение,,штормовое,4,синоптик,1.01,masc,4,объявить,114.0953474492821,6,предупреждение,15.96,neut,,,0.02,,4.0,штормовой,1.74,masc,to_evaluate,1
248,Ситуации носили криминальный оттенок,3,Subject - Verb - Adj - Object,4,"['Ситуации', 'носили', 'криминальный', 'оттенок']",ситуации,носили,оттенок,,криминальный,5,ситуация,126.8260199509961,femn,3,носить,122.820144399796,3,оттенок,29.67,masc,,,0.02,,4.0,криминальный,7.63,masc,to_evaluate,1
249,Ситуация вызвала народное восстание,3,Subject - Verb - Adj - Object,4,"['Ситуация', 'вызвала', 'народное', 'восстание']",ситуация,вызвала,восстание,,народное,5,ситуация,126.8260199509961,femn,3,вызвать,144.8310952617903,4,восстание,30.12,neut,,,0.02,,4.0,народный,169.5607003311991,masc,to_evaluate,1
250,Скульптура изображает писателя,2,Subject - Verb - Object,3,"['Скульптура', 'изображает', 'писателя']",скульптура,изображает,писателя,,,3,скульптура,14.69,femn,5,изображать,47.49,4,писатель,181.9441969518091,masc,,,0.02,,,,0.02,,to_evaluate,1
251,Следователи восстановили картину произошедшего,2,Subject - Verb - Object - Gen,4,"['Следователи', 'восстановили', 'картину', 'произошедшего']",следователи,восстановили,картину,произошедшего,,5,следователь,39.39,masc,5,восстановить,34.76,3,картина,212.1164516034485,femn,6.0,произойти,178.49,,,,0.02,,to_evaluate,1
252,Следователи допрашивают руководителей завода,2,Subject - Verb - Object - Gen,4,"['Следователи', 'допрашивают', 'руководителей', 'завода']",следователи,допрашивают,руководителей,завода,,5,следователь,39.39,masc,5,допрашивать,10.4,6,руководитель,82.49,masc,3.0,завод,163.5251811673909,masc,,,0.02,,to_evaluate,1
253,Следователи осмотрели место происшествия,2,Subject - Verb - Object - Gen,4,"['Следователи', 'осмотрели', 'место', 'происшествия']",следователи,осмотрели,место,происшествия,,5,следователь,39.39,masc,4,осмотреть,35.62,2,место,983.6747886016016,neut,5.0,происшествие,33.2,neut,,,0.02,,to_evaluate,1
254,Следователи установили мотив преступления,2,Subject - Verb - Object - Gen,4,"['Следователи', 'установили', 'мотив', 'преступления']",следователи,установили,мотив,преступления,,5,следователь,39.39,masc,5,установить,127.3521249400537,2,мотив,40.2,masc,5.0,преступление,75.13,neut,,,0.02,,to_evaluate,1
255,Следствие выясняет мотивы поступка,2,Subject - Verb - Object - Gen,4,"['Следствие', 'выясняет', 'мотивы', 'поступка']",следствие,выясняет,мотивы,поступка,,3,следствие,59.33,neut,4,выяснять,9.5,3,мотив,40.2,masc,3.0,поступок,60.62,masc,,,0.02,,to_evaluate,1
256,Служащий обнаружил пропажу,2,Subject - Verb - Object,3,"['Служащий', 'обнаружил', 'пропажу']",служащий,обнаружил,пропажу,,,3,служащий,30.02,masc,4,обнаружить,93.24342991343502,3,пропажа,4.04,femn,,,0.02,,,,0.02,,to_evaluate,1
257,Службы зафиксировали рост рейтинга,2,Subject - Verb - Object - Gen,4,"['Службы', 'зафиксировали', 'рост', 'рейтинга']",службы,зафиксировали,рост,рейтинга,,2,служба,202.4435974391506,femn,6,зафиксировать,11.61,1,рост,139.1240578931805,masc,3.0,рейтинг,10.63,masc,,,0.02,,to_evaluate,1
258,Случай напугал местных жителей,3,Subject - Verb - Adj - Object,4,"['Случай', 'напугал', 'местных', 'жителей']",случай,напугал,жителей,,местных,2,случай,665.3679173032393,masc,3,напугать,14.22,3,житель,113.2327489139237,masc,,,0.02,,2.0,местный,156.2959110893251,masc,to_evaluate,1
259,Совет принял решение,2,Subject - Verb - Object,3,"['Совет', 'принял', 'решение']",совет,принял,решение,,,2,совет,249.4271764873265,masc,2,принять,384.7456526068669,4,решение,238.707453512315,neut,,,0.02,,,,0.02,,to_evaluate,1
260,Солдаты освобождали землю,2,Subject - Verb - Object,3,"['Солдаты', 'освобождали', 'землю']",солдаты,освобождали,землю,,,3,солдат,201.7706103465489,masc,5,освобождать,13.91,2,земля,623.1673536631963,femn,,,0.02,,,,0.02,,to_evaluate,1
261,Солдаты открыли огонь,2,Subject - Verb - Object,3,"['Солдаты', 'открыли', 'огонь']",солдаты,открыли,огонь,,,3,солдат,201.7706103465489,masc,3,открыть,208.1800112284692,2,огонь,199.3884496854353,masc,,,0.02,,,,0.02,,to_evaluate,1
262,Солдаты разграбили город,2,Subject - Verb - Object,3,"['Солдаты', 'разграбили', 'город']",солдаты,разграбили,город,,,3,солдат,201.7706103465489,masc,4,разграбить,4.55,2,город,737.3054304516912,masc,,,0.02,,,,0.02,,,0
263,Сосед опубликовал фотографию записки,2,Subject - Verb - Object - Gen,4,"['Сосед', 'опубликовал', 'фотографию', 'записки']",сосед,опубликовал,фотографию,записки,,2,сосед,95.15,masc,5,опубликовать,40.8,5,фотография,67.63,femn,3.0,записка,86.28,femn,,,0.02,,to_evaluate,1
264,Сотрудник достал служебное удостоверение,3,Subject - Verb - Adj - Object,4,"['Сотрудник', 'достал', 'служебное', 'удостоверение']",сотрудник,достал,удостоверение,,служебное,3,сотрудник,80.62,masc,2,достать,97.08639985888637,7,удостоверение,11.25,neut,,,0.02,,4.0,служебный,29.7,masc,to_evaluate,1
265,Сотрудник оказал первую помощь,3,Subject - Verb - Adj - Object,4,"['Сотрудник', 'оказал', 'первую', 'помощь']",сотрудник,оказал,помощь,,первую,3,сотрудник,80.62,masc,3,оказать,46.25,2,помощь,257.663256620594,femn,,,0.02,,3.0,первый,1269.5,masc,to_evaluate,1
266,Сотрудники восстанавливают разрушенные колонны,3,Subject - Verb - Adj - Object,4,"['Сотрудники', 'восстанавливают', 'разрушенные', 'колонны']",сотрудники,восстанавливают,колонны,,разрушенные,4,сотрудник,80.62,masc,6,восстанавливать,9.63,3,колонна,,femn,,,0.02,,5.0,разрушить,37.27,,to_evaluate,1
267,Сотрудники выясняют подробности происшествия,2,Subject - Verb - Object - Gen,4,"['Сотрудники', 'выясняют', 'подробности', 'происшествия']",сотрудники,выясняют,подробности,происшествия,,4,сотрудник,80.62,masc,4,выяснять,9.5,4,подробность,60.93,femn,5.0,происшествие,33.2,neut,,,0.02,,to_evaluate,1
268,Сотрудники задержали мужчину,2,Subject - Verb - Object,3,"['Сотрудники', 'задержали', 'мужчину']",сотрудники,задержали,мужчину,,,4,сотрудник,80.62,masc,4,задержать,39.32,3,мужчина,175.9567482946153,masc,,,0.02,,,,0.02,,,0
269,Сотрудники обследовали строительную площадку,3,Subject - Verb - Adj - Object,4,"['Сотрудники', 'обследовали', 'строительную', 'площадку']",сотрудники,обследовали,площадку,,строительную,4,сотрудник,80.62,masc,5,обследовать,7.1,3,площадка,55.39,femn,,,0.02,,5.0,строительный,25.98,masc,to_evaluate,1
270,Сотрудники обыскали здание,2,Subject - Verb - Object,3,"['Сотрудники', 'обыскали', 'здание']",сотрудники,обыскали,здание,,,4,сотрудник,80.62,masc,4,обыскать,3.73,3,здание,118.2347521855222,neut,,,0.02,,,,0.02,,control,1
271,Сотрудники организовали поиск животного,2,Subject - Verb - Object - Gen,4,"['Сотрудники', 'организовали', 'поиск', 'животного']",сотрудники,организовали,поиск,животного,,4,сотрудник,80.62,masc,6,организовать,68.28682522945822,2,поиск,73.38,masc,4.0,животное,104.3503875250626,neut,,,0.02,,to_evaluate,1
272,Сотрудники принесли извинения,2,Subject - Verb - Object,3,"['Сотрудники', 'принесли', 'извинения']",сотрудники,принесли,извинения,,,4,сотрудник,80.62,masc,3,принести,163.6533691850293,5,извинение,9.18,neut,,,0.02,,,,0.02,,to_evaluate,1
273,Сотрудники проверяют поступившие сообщения,3,Subject - Verb - Adj - Object,4,"['Сотрудники', 'проверяют', 'поступившие', 'сообщения']",сотрудники,проверяют,сообщения,,поступившие,4,сотрудник,80.62,masc,4,проверять,30.2,5,сообщение,81.3,neut,,,0.02,,5.0,поступить,86.96,,to_evaluate,1
274,Сотрудники проводят проверку,2,Subject - Verb - Object,3,"['Сотрудники', 'проводят', 'проверку']",сотрудники,проводят,проверку,,,4,сотрудник,80.62,masc,3,проводить,164.5987558151126,3,проверка,35.61,femn,,,0.02,,,,0.02,,,0
275,Сотрудники произвели задержание,2,Subject - Verb - Object,3,"['Сотрудники', 'произвели', 'задержание']",сотрудники,произвели,задержание,,,4,сотрудник,80.62,masc,4,произвести,110.6316003893444,5,задержание,5.65,neut,,,0.02,,,,0.02,,to_evaluate,1
276,Сотрудники производят досмотр транспорта,2,Subject - Verb - Object - Gen,4,"['Сотрудники', 'производят', 'досмотр', 'транспорта']",сотрудники,производят,досмотр,транспорта,,4,сотрудник,80.62,masc,4,производить,125.2396932327209,2,досмотр,2.01,masc,3.0,транспорт,36.84,masc,,,0.02,,to_evaluate,1
277,Сотрудница оказала первую помощь,3,Subject - Verb - Adj - Object,4,"['Сотрудница', 'оказала', 'первую', 'помощь']",сотрудница,оказала,помощь,,первую,4,сотрудница,4.43,femn,4,оказать,46.25,2,помощь,257.663256620594,femn,,,0.02,,3.0,первый,1269.5,masc,to_evaluate,1
278,Сочинения получили большую известность,3,Subject - Verb - Adj - Object,4,"['Сочинения', 'получили', 'большую', 'известность']",сочинения,получили,известность,,большую,5,сочинение,76.7,neut,4,получить,552.8909435766419,3,известность,14.75,femn,,,0.02,,3.0,больший,179.7650006519563,masc,,0
279,Спасатели ликвидировали пожар,2,Subject - Verb - Object,3,"['Спасатели', 'ликвидировали', 'пожар']",спасатели,ликвидировали,пожар,,,4,спасатель,3.26,masc,6,ликвидировать,13.88,2,пожар,53.28,masc,,,0.02,,,,0.02,,to_evaluate,1
280,Спасатели получили ранение,2,Subject - Verb - Object,3,"['Спасатели', 'получили', 'ранение']",спасатели,получили,ранение,,,4,спасатель,3.26,masc,4,получить,552.8909435766419,4,ранение,8.25,neut,,,0.02,,,,0.02,,,0
281,Спецназ продолжает преследование бандитов,2,Subject - Verb - Object - Gen,4,"['Спецназ', 'продолжает', 'преследование', 'бандитов']",спецназ,продолжает,преследование,бандитов,,2,спецназ,2.98,masc,4,продолжать,293.2434432663536,6,преследование,17.16,neut,3.0,бандит,21.63,masc,,,0.02,,to_evaluate,1
282,Спецназовцы получили ранения,2,Subject - Verb - Object,3,"['Спецназовцы', 'получили', 'ранения']",спецназовцы,получили,ранения,,,4,спецназовец,1.19,masc,4,получить,552.8909435766419,4,ранение,8.25,neut,,,0.02,,,,0.02,,,0
283,Статья получила широкую известность,3,Subject - Verb - Adj - Object,4,"['Статья', 'получила', 'широкую', 'известность']",статья,получила,известность,,широкую,2,статья,299.623467727565,femn,4,получить,552.8909435766419,3,известность,14.75,femn,,,0.02,,4.0,широкий,189.2242081201902,masc,to_evaluate,1
284,Сторож оказал первую помощь,3,Subject - Verb - Adj - Object,4,"['Сторож', 'оказал', 'первую', 'помощь']",сторож,оказал,помощь,,первую,2,сторож,28.54,masc,3,оказать,46.25,2,помощь,257.663256620594,femn,,,0.02,,3.0,первый,1269.5,masc,to_evaluate,1
285,Стороны заключили мировое соглашение,3,Subject - Verb - Adj - Object,4,"['Стороны', 'заключили', 'мировое', 'соглашение']",стороны,заключили,соглашение,,мировое,3,сторона,797.276058036858,femn,4,заключить,65.38924191409012,5,соглашение,39.07,neut,,,0.02,,4.0,мировой,124.7830234198841,femn,to_evaluate,1
286,Стороны заключили предварительное соглашение,3,Subject - Verb - Adj - Object,4,"['Стороны', 'заключили', 'предварительное', 'соглашение']",стороны,заключили,соглашение,,предварительное,3,сторона,797.276058036858,femn,4,заключить,65.38924191409012,5,соглашение,39.07,neut,,,0.02,,6.0,предварительный,28.57,masc,to_evaluate,1
287,Стороны комментируют результаты переговоров,2,Subject - Verb - Object - Gen,4,"['Стороны', 'комментируют', 'результаты', 'переговоров']",стороны,комментируют,результаты,переговоров,,3,сторона,797.276058036858,femn,5,комментировать,8.33,4,результат,247.8381791853505,masc,5.0,переговоры,50.88,,,,0.02,,to_evaluate,1
288,Стороны несут потери,2,Subject - Verb - Object,3,"['Стороны', 'несут', 'потери']",стороны,несут,потери,,,3,сторона,797.276058036858,femn,2,нести,112.1885506869108,3,потеря,60.98,femn,,,0.02,,,,0.02,,to_evaluate,1
289,Стороны обсудят перспективы отношений,2,Subject - Verb - Object - Gen,4,"['Стороны', 'обсудят', 'перспективы', 'отношений']",стороны,обсудят,перспективы,отношений,,3,сторона,797.276058036858,femn,3,обсудить,18.62,4,перспектива,48.0,femn,4.0,отношение,462.6973202495207,neut,,,0.02,,to_evaluate,1
290,Стороны подписали соглашение,2,Subject - Verb - Object,3,"['Стороны', 'подписали', 'соглашение']",стороны,подписали,соглашение,,,3,сторона,797.276058036858,femn,4,подписать,54.88583621884338,5,соглашение,39.07,neut,,,0.02,,,,0.02,,to_evaluate,1
291,Суд аннулировал результаты голосования,2,Subject - Verb - Object - Gen,4,"['Суд', 'аннулировал', 'результаты', 'голосования']",суд,аннулировал,результаты,голосования,,1,суд,223.5999615168889,masc,5,аннулировать,1.48,4,результат,247.8381791853505,masc,6.0,голосование,12.94,neut,,,0.02,,to_evaluate,1
292,Суд опубликовал постановление,2,Subject - Verb - Object,3,"['Суд', 'опубликовал', 'постановление']",суд,опубликовал,постановление,,,1,суд,223.5999615168889,masc,5,опубликовать,40.8,6,постановление,50.77,neut,,,0.02,,,,0.02,,,0
293,Суд поддержал требование прокуратуры,2,Subject - Verb - Object - Gen,4,"['Суд', 'поддержал', 'требование', 'прокуратуры']",суд,поддержал,требование,прокуратуры,,1,суд,223.5999615168889,masc,3,поддержать,40.91,5,требование,112.4262326362821,neut,5.0,прокуратура,17.95,femn,,,0.02,,to_evaluate,1
294,Суд принял решение,2,Subject - Verb - Object,3,"['Суд', 'принял', 'решение']",суд,принял,решение,,,1,суд,223.5999615168889,masc,2,принять,384.7456526068669,4,решение,238.707453512315,neut,,,0.02,,,,0.02,,to_evaluate,1
295,Суд принял соответствующее решение,3,Subject - Verb - Adj - Object,4,"['Суд', 'принял', 'соответствующее', 'решение']",суд,принял,решение,,соответствующее,1,суд,223.5999615168889,masc,2,принять,384.7456526068669,4,решение,238.707453512315,neut,,,0.02,,7.0,соответствовать,67.14,,to_evaluate,1
296,Суд решает судьбу,2,Subject - Verb - Object,3,"['Суд', 'решает', 'судьбу']",суд,решает,судьбу,,,1,суд,223.5999615168889,masc,3,решать,74.47990883161361,2,судьба,195.6015619977008,femn,,,0.02,,,,0.02,,,0
297,Суд удовлетворил иск,2,Subject - Verb - Object,3,"['Суд', 'удовлетворил', 'иск']",суд,удовлетворил,иск,,,1,суд,223.5999615168889,masc,5,удовлетворить,,1,иск,17.08,masc,,,0.02,,,,0.02,,to_evaluate,1
298,Суд удовлетворил требования генпрокурора,2,Subject - Verb - Object - Gen,4,"['Суд', 'удовлетворил', 'требования', 'генпрокурора']",суд,удовлетворил,требования,генпрокурора,,1,суд,223.5999615168889,masc,5,удовлетворить,,5,требование,112.4262326362821,neut,5.0,генпрокурор,0.86,masc,,,0.02,,to_evaluate,1
299,Суд удовлетворил требования прокурора,2,Subject - Verb - Object - Gen,4,"['Суд', 'удовлетворил', 'требования', 'прокурора']",суд,удовлетворил,требования,прокурора,,1,суд,223.5999615168889,masc,5,удовлетворить,,5,требование,112.4262326362821,neut,4.0,прокурор,37.84,masc,,,0.02,,to_evaluate,1
300,Судьба сделала неожиданный пируэт,3,Subject - Verb - Adj - Object,4,"['Судьба', 'сделала', 'неожиданный', 'пируэт']",судьба,сделала,пируэт,,неожиданный,2,судьба,195.6015619977008,femn,3,сделать,777.863585115742,3,пируэт,0.8,masc,,,0.02,,5.0,неожиданный,63.95513846676049,masc,to_evaluate,1
301,Судьи оглашают материалы дела,2,Subject - Verb - Object - Gen,4,"['Судьи', 'оглашают', 'материалы', 'дела']",судьи,оглашают,материалы,дела,,2,судья,,,4,оглашать,4.12,5,материал,176.3065947594201,masc,2.0,дело,1548.292265208457,neut,,,0.02,,to_evaluate,1
302,Сценаристы вручают награду,2,Subject - Verb - Object,3,"['Сценаристы', 'вручают', 'награду']",сценаристы,вручают,награду,,,4,сценарист,3.73,masc,3,вручать,7.16,3,награда,35.27,femn,,,0.02,,,,0.02,,to_evaluate,1
303,Сын ждет поездку,2,Subject - Verb - Object,3,"['Сын', 'ждет', 'поездку']",сын,ждет,поездку,,,1,сын,376.7339015044666,masc,1,ждать,326.9088213986394,3,поездка,76.67,femn,,,0.02,,,,0.02,,control,1
304,Танки покинули город,2,Subject - Verb - Object,3,"['Танки', 'покинули', 'город']",танки,покинули,город,,,2,танк,40.21,masc,4,покинуть,50.49,2,город,737.3054304516912,masc,,,0.02,,,,0.02,,,0
305,Танки покинули палестинскую территорию,3,Subject - Verb - Adj - Object,4,"['Танки', 'покинули', 'палестинскую', 'территорию']",танки,покинули,территорию,,палестинскую,2,танк,40.21,masc,4,покинуть,50.49,5,территория,88.73,femn,,,0.02,,5.0,палестинский,3.28,masc,to_evaluate,1
306,Творчество получило высокую оценку,3,Subject - Verb - Adj - Object,4,"['Творчество', 'получило', 'высокую', 'оценку']",творчество,получило,оценку,,высокую,3,творчество,77.19,neut,4,получить,552.8909435766419,3,оценка,82.58,femn,,,0.02,,4.0,высокий,393.2861792820256,masc,control,1
307,Творчество получило заслуженное признание,3,Subject - Verb - Adj - Object,4,"['Творчество', 'получило', 'заслуженное', 'признание']",творчество,получило,признание,,заслуженное,3,творчество,77.19,neut,4,получить,552.8909435766419,4,признание,47.47,neut,,,0.02,,5.0,заслужить,22.52,,to_evaluate,1
308,Телевидение вело трансляцию,2,Subject - Verb - Object,3,"['Телевидение', 'вело', 'трансляцию']",телевидение,вело,трансляцию,,,6,телевидение,24.25,neut,2,вести,331.68382505567,4,трансляция,3.66,femn,,,0.02,,,,0.02,,,0
309,Телезрители предпочитают детективные сериалы,3,Subject - Verb - Adj - Object,4,"['Телезрители', 'предпочитают', 'детективные', 'сериалы']",телезрители,предпочитают,сериалы,,детективные,5,телезритель,1.76,masc,5,предпочитать,34.39,4,сериал,6.17,masc,,,0.02,,5.0,детективный,2.39,masc,to_evaluate,1
310,Телеканал показал фильм,2,Subject - Verb - Object,3,"['Телеканал', 'показал', 'фильм']",телеканал,показал,фильм,,,4,телеканал,3.75,masc,3,показать,252.7627355296258,1,фильм,125.7043747966601,masc,,,0.02,,,,0.02,,to_evaluate,1
311,Телеканалы собирают огромную аудиторию,3,Subject - Verb - Adj - Object,4,"['Телеканалы', 'собирают', 'огромную', 'аудиторию']",телеканалы,собирают,аудиторию,,огромную,5,телеканал,3.75,masc,4,собирать,73.64134554956239,6,аудитория,,femn,,,0.02,,4.0,огромный,269.4565542433272,masc,to_evaluate,1
312,Террористы занимают здание аэропорта,2,Subject - Verb - Object - Gen,4,"['Террористы', 'занимают', 'здание', 'аэропорта']",террористы,занимают,здание,аэропорта,,4,террорист,13.29,masc,4,занимать,112.0576920855716,3,здание,118.2347521855222,neut,5.0,аэропорт,18.46,masc,,,0.02,,to_evaluate,1
313,Террористы захватили гостиницы,2,Subject - Verb - Object,3,"['Террористы', 'захватили', 'гостиницы']",террористы,захватили,гостиницы,,,4,террорист,13.29,masc,4,захватить,63.89638562534288,4,гостиница,62.84,femn,,,0.02,,,,0.02,,to_evaluate,1
314,Террористы захватили населенный пункт,3,Subject - Verb - Adj - Object,4,"['Террористы', 'захватили', 'населенный', 'пункт']",террористы,захватили,пункт,,населенный,4,террорист,13.29,masc,4,захватить,63.89638562534288,1,пункт,94.85,masc,,,0.02,,4.0,населить,7.74,,to_evaluate,1
315,Топ-менеджеры покинули компанию,2,Subject - Verb - Object,3,"['Топ-менеджеры', 'покинули', 'компанию']",топ-менеджеры,покинули,компанию,,,5,топ-менеджер,1.28,masc,4,покинуть,50.49,4,компания,178.3762971275402,femn,,,0.02,,,,0.02,,,0
316,Топ-менеджеры получили деньги,2,Subject - Verb - Object,3,"['Топ-менеджеры', 'получили', 'деньги']",топ-менеджеры,получили,деньги,,,5,топ-менеджер,1.28,masc,4,получить,552.8909435766419,2,деньга,2.49,femn,,,0.02,,,,0.02,,,0
317,Турки захватили город,2,Subject - Verb - Object,3,"['Турки', 'захватили', 'город']",турки,захватили,город,,,2,турок,8.2,masc,4,захватить,63.89638562534288,2,город,737.3054304516912,masc,,,0.02,,,,0.02,,,0
318,Турнир выявит сильнейших спортсменов,3,Subject - Verb - Adj - Object,4,"['Турнир', 'выявит', 'сильнейших', 'спортсменов']",турнир,выявит,спортсменов,,сильнейших,2,турнир,10.56,masc,3,выявить,20.06,3,спортсмен,18.34,masc,,,0.02,,3.0,сильный,254.6454970386899,masc,to_evaluate,1
319,Управляющий вызвал полицию,2,Subject - Verb - Object,3,"['Управляющий', 'вызвал', 'полицию']",управляющий,вызвал,полицию,,,5,управлять,52.3354287845793,,2,вызвать,144.8310952617903,4,полиция,72.38,femn,,,0.02,,,,0.02,,,0
320,Участники пересекли границу,2,Subject - Verb - Object,3,"['Участники', 'пересекли', 'границу']",участники,пересекли,границу,,,4,участник,79.34,masc,4,пересечь,10.91,3,граница,163.8803687995973,femn,,,0.02,,,,0.02,,,0
321,Фермы выращивают пшеницу,2,Subject - Verb - Object,3,"['Фермы', 'выращивают', 'пшеницу']",фермы,выращивают,пшеницу,,,2,ферма,16.81,femn,5,выращивать,6.98,3,пшеница,15.04,femn,,,0.02,,,,0.02,,to_evaluate,1
322,Фигуранты признали вину,2,Subject - Verb - Object,3,"['Фигуранты', 'признали', 'вину']",фигуранты,признали,вину,,,4,фигурант,1.15,masc,3,признать,90.82121049680936,2,вина,53.63,neut,,,0.02,,,,0.02,,,0
323,Хакеры сменили систему защиты,2,Subject - Verb - Object - Gen,4,"['Хакеры', 'сменили', 'систему', 'защиты']",хакеры,сменили,систему,защиты,,3,хакер,0.91,masc,3,сменить,23.02,3,система,324.8150837772122,femn,3.0,защита,93.42,femn,,,0.02,,to_evaluate,1
324,Хоккеисты заработали сребряную медаль,3,Subject - Verb - Adj - Object,4,"['Хоккеисты', 'заработали', 'сребряную', 'медаль']",хоккеисты,заработали,медаль,,сребряную,4,хоккеист,1.78,masc,5,заработать,27.57,2,медаль,24.8,femn,,,0.02,,4.0,сребряный,,masc,to_evaluate,1
325,Художник разрабатывает сюжет,2,Subject - Verb - Object,3,"['Художник', 'разрабатывает', 'сюжет']",художник,разрабатывает,сюжет,,,3,художник,158.1332726754756,masc,6,разрабатывать,18.44,2,сюжет,43.8,masc,,,0.02,,,,0.02,,control,1
326,Цены показывают положительную динамику,3,Subject - Verb - Adj - Object,4,"['Цены', 'показывают', 'положительную', 'динамику']",цены,показывают,динамику,,положительную,2,цена,154.5760551860098,femn,5,показывать,151.7505776305633,4,динамика,16.39,femn,,,0.02,,6.0,положительный,42.77740971941579,masc,to_evaluate,1
327,Цирк имеет собcтвенную гостиницу,3,Subject - Verb - Adj - Object,4,"['Цирк', 'имеет', 'собтвенную', 'гостиницу']",цирк,имеет,гостиницу,,собтвенную,1,цирк,23.06,masc,3,иметь,1048.094608632301,4,гостиница,62.84,femn,,,0.02,,4.0,собcтвенный,,masc,,0
328,Человек получил незначительные повреждения,3,Subject - Verb - Adj - Object,4,"['Человека', 'получил', 'незначительные', 'повреждения']",человека,получил,повреждения,,незначительные,4,человек,2881.103143350457,masc,3,получить,552.8909435766419,5,повреждение,14.89,neut,,,0.02,,6.0,незначительный,24.03,masc,,0
329,Человек получил травмы,2,Subject - Verb - Object,3,"['Человек', 'получил', 'травмы']",человек,получил,травмы,,,3,человек,2881.103143350457,masc,3,получить,552.8909435766419,2,травма,9.03,femn,,,0.02,,,,0.02,,,0
330,Человечество объявляет войну,2,Subject - Verb - Object,3,"['Человечество', 'объявляет', 'войну']",человечество,объявляет,войну,,,5,человечество,86.31,neut,4,объявлять,27.72,2,война,416.6885042521368,femn,,,0.02,,,,0.02,,to_evaluate,1
331,Шведы потерпели поражение,2,Subject - Verb - Object,3,"['Шведы', 'потерпели', 'поражение']",шведы,потерпели,поражение,,,2,швед,8.84,masc,4,потерпеть,20.18,5,поражение,34.01,neut,,,0.02,,,,0.02,,to_evaluate,1
332,Школьница признала вину,2,Subject - Verb - Object,3,"['Школьница', 'признала', 'вину']",школьница,признала,вину,,,3,школьница,2.67,femn,3,признать,90.82121049680936,2,вина,53.63,neut,,,0.02,,,,0.02,,,0
333,Экономисты делают положительные прогнозы,3,Subject - Verb - Adj - Object,4,"['Экономисты', 'делают', 'положительные', 'прогнозы']",экономисты,делают,прогнозы,,положительные,5,экономист,,masc,3,делать,762.2780586378728,3,прогноз,19.28,masc,,,0.02,,6.0,положительный,42.77740971941579,masc,to_evaluate,1
334,Эксперты нашли следы пота,2,Subject - Verb - Object - Gen,4,"['Эксперты', 'нашли', 'следы', 'пота']",эксперты,нашли,следы,пота,,3,эксперт,31.93,masc,2,наслать,1.24,2,след,102.5557552781249,masc,2.0,пот,33.17,masc,,,0.02,,to_evaluate,1
335,Эксперты обнаружили огнестрельные ранения,3,Subject - Verb - Adj - Object,4,"['Эксперты', 'обнаружили', 'огнестрельные', 'ранения']",эксперты,обнаружили,ранения,,огнестрельные,3,эксперт,31.93,masc,5,обнаружить,93.24342991343502,4,ранение,8.25,neut,,,0.02,,5.0,огнестрельный,3.7,masc,to_evaluate,1
336,Эксперты сделали вывод,2,Subject - Verb - Object,3,"['Эксперты', 'сделали', 'вывод']",эксперты,сделали,вывод,,,3,эксперт,31.93,masc,3,сделать,777.863585115742,2,вывод,81.71,masc,,,0.02,,,,0.02,,to_evaluate,1
